grid_id,lat,lon,climate_sequence_id,power_lat,power_lon
AHN-00001,20.90855759799799,47.97197897371524,CLIMS20p75_47p75,20.75,47.75
AHN-00002,20.910234089656207,48.06801003822912,CLIMS20p75_48p25,20.75,48.25
AHN-00003,20.911856721163065,48.16405043982355,CLIMS20p75_48p25,20.75,48.25
AHN-00004,20.99704921354551,47.874082483467035,CLIMS20p75_47p75,20.75,47.75
AHN-00005,20.998787697109915,47.97016132076431,CLIMS20p75_47p75,20.75,47.75
AHN-00006,21.000472089318613,48.06624982566324,CLIMS21p25_48p25,21.25,48.25
AHN-00007,21.002102367708847,48.16234769302862,CLIMS21p25_48p25,21.25,48.25
AHN-00008,21.003678510551612,48.25845461752679,CLIMS21p25_48p25,21.25,48.25
AHN-00009,21.005200496817764,48.35457029372655,CLIMS21p25_48p25,21.25,48.25
AHN-00010,21.087270042449962,47.87219744373989,CLIMS21p25_47p75,21.25,47.75
AHN-00011,21.089016689572723,47.96833400018251,CLIMS21p25_47p75,21.25,47.75
AHN-00012,21.090708991509004,48.06448025059923,CLIMS21p25_48p25,21.25,48.25
AHN-00013,21.092346925680825,48.16063588904272,CLIMS21p25_48p25,21.25,48.25
AHN-00014,21.093930470242768,48.25680060935014,CLIMS21p25_48p25,21.25,48.25
AHN-00015,21.095459604055108,48.35297410524506,CLIMS21p25_48p25,21.25,48.25
AHN-00016,21.096934306703346,48.44915607024072,CLIMS21p25_48p25,21.25,48.25
AHN-00017,21.177489750974637,47.87030240420644,CLIMS21p25_47p75,21.25,47.75
AHN-00018,21.179244571181208,47.966496985576065,CLIMS21p25_47p75,21.25,47.75
AHN-00019,21.180944792081753,48.06270128748988,CLIMS21p25_48p25,21.25,48.25
AHN-00020,21.1825903909793,48.158915003140685,CLIMS21p25_48p25,21.25,48.25
AHN-00021,21.18418134590494,48.25513782557095,CLIMS21p25_48p25,21.25,48.25
AHN-00022,21.185717635609585,48.351369447611084,CLIMS21p25_48p25,21.25,48.25
AHN-00023,21.187199239565306,48.44760956201146,CLIMS21p25_48p25,21.25,48.25
AHN-00024,21.188626137987644,48.54385786126536,CLIMS21p25_48p75,21.25,48.75
AHN-00025,21.189998311795577,48.64011403780119,CLIMS21p25_48p75,21.25,48.75
AHN-00026,21.267708334833927,47.868397337473546,CLIMS21p25_47p75,21.25,47.75
AHN-00027,21.26947133771013,47.96465025039552,CLIMS21p25_47p75,21.25,47.75
AHN-00028,21.27117948687354,48.06091291059535,CLIMS21p25_48p25,21.25,48.25
AHN-00029,21.27283275950007,48.15718501043808,CLIMS21p25_48p25,21.25,48.25
AHN-00030,21.274431133494325,48.25346624211509,CLIMS21p25_48p25,21.25,48.25
AHN-00031,21.27597458749498,48.34975629763234,CLIMS21p25_48p25,21.25,48.25
AHN-00032,21.27746310086759,48.44605486885887,CLIMS21p25_48p25,21.25,48.25
AHN-00033,21.27889665369943,48.54236164750879,CLIMS21p25_48p75,21.25,48.75
AHN-00034,21.280275226838846,48.63867632510484,CLIMS21p25_48p75,21.25,48.75
AHN-00035,21.281598801839746,48.73499859307782,CLIMS21p25_48p75,21.25,48.75
AHN-00036,21.356099509826073,47.77018074653024,CLIMS21p25_47p75,21.25,47.75
AHN-00037,21.357925789775155,47.866482215961625,CLIMS21p25_47p75,21.25,47.75
AHN-00038,21.35969698497118,47.962793767895704,CLIMS21p25_47p75,21.25,47.75
AHN-00039,21.361413071739676,48.059115094031874,CLIMS21p25_48p25,21.25,48.25
AHN-00040,21.36307402714333,48.15544588587305,CLIMS21p25_48p25,21.25,48.25
AHN-00041,21.3646798289526,48.25178583476953,CLIMS21p25_48p25,21.25,48.25
AHN-00042,21.366230455701572,48.34813463190644,CLIMS21p25_48p25,21.25,48.25
AHN-00043,21.367725886641722,48.44449196827652,CLIMS21p25_48p25,21.25,48.25
AHN-00044,21.36916610176751,48.54085753475162,CLIMS21p25_48p75,21.25,48.75
AHN-00045,21.370551081793685,48.637231022021425,CLIMS21p25_48p75,21.25,48.75
AHN-00046,21.371880808183885,48.7336121206446,CLIMS21p25_48p75,21.25,48.75
AHN-00047,21.37315526314129,48.83000052103201,CLIMS21p25_48p75,21.25,48.75
AHN-00048,21.446307374691074,47.768196623113845,CLIMS21p25_47p75,21.25,47.75
AHN-00049,21.44814211154722,47.86455701192014,CLIMS21p25_47p75,21.25,47.75
AHN-00050,21.449921508768714,47.960927511166595,CLIMS21p25_47p75,21.25,47.75
AHN-00051,21.45164554255069,48.05730781170935,CLIMS21p25_48p25,21.25,48.25
AHN-00052,21.453314189821352,48.15369760421286,CLIMS21p25_48p25,21.25,48.25
AHN-00053,21.454927428259875,48.25009657917073,CLIMS21p25_48p25,21.25,48.25
AHN-00054,21.456485236263,48.3465044268988,CLIMS21p25_48p25,21.25,48.25
AHN-00055,21.45798759297558,48.44292083756557,CLIMS21p25_48p25,21.25,48.25
AHN-00056,21.45943447827953,48.5393455011675,CLIMS21p25_48p75,21.25,48.75
AHN-00057,21.46082587279012,48.63577810755234,CLIMS21p25_48p75,21.25,48.75
AHN-00058,21.46216175788078,48.7322183464221,CLIMS21p25_48p75,21.25,48.75
AHN-00059,21.46344211564056,48.82866590731374,CLIMS21p25_48p75,21.25,48.75
AHN-00060,21.46466692891733,48.925120479696595,CLIMS21p25_48p75,21.25,48.75
AHN-00061,21.53835729589027,47.8626216973953,CLIMS21p75_47p75,21.75,47.75
AHN-00062,21.54014490489278,47.95905145310824,CLIMS21p75_47p75,21.75,47.75
AHN-00063,21.54187689514466,48.055491037394596,CLIMS21p75_48p25,21.75,48.25
AHN-00064,21.543553243459876,48.15194014006569,CLIMS21p75_48p25,21.75,48.25
AHN-00065,21.545173927373735,48.24839845075146,CLIMS21p75_48p25,21.75,48.25
AHN-00066,21.54673892518091,48.344865658924725,CLIMS21p75_48p25,21.75,48.25
AHN-00067,21.54824821591763,48.44134145388678,CLIMS21p75_48p25,21.75,48.25
AHN-00068,21.549701779353928,48.53782552477265,CLIMS21p75_48p75,21.75,48.75
AHN-00069,21.551099596008612,48.6343175605711,CLIMS21p75_48p75,21.75,48.75
AHN-00070,21.552441647128425,48.73081725012447,CLIMS21p75_48p75,21.75,48.75
AHN-00071,21.553727914735877,48.82732428211793,CLIMS21p75_48p75,21.75,48.75
AHN-00072,21.554958381575098,48.923838345126946,CLIMS21p75_48p75,21.75,48.75
AHN-00073,21.628571338572538,47.860676244254364,CLIMS21p75_47p75,21.75,47.75
AHN-00074,21.63036716917044,47.95716556643637,CLIMS21p75_47p75,21.75,47.75
AHN-00075,21.632107125411764,48.0536647446576,CLIMS21p75_48p25,21.75,48.25
AHN-00076,21.633791183965588,48.15017346786011,CLIMS21p75_48p25,21.75,48.25
AHN-00077,21.63541932227203,48.24669142481893,CLIMS21p75_48p25,21.75,48.25
AHN-00078,21.636991518496878,48.34321830413024,CLIMS21p75_48p25,21.75,48.25
AHN-00079,21.63850775155883,48.43975379425181,CLIMS21p75_48p25,21.75,48.25
AHN-00080,21.639968001124778,48.536297583439094,CLIMS21p75_48p75,21.75,48.75
AHN-00081,21.64137224759879,48.632849359806535,CLIMS21p75_48p75,21.75,48.75
AHN-00082,21.642720472150998,48.7294088113483,CLIMS21p75_48p75,21.75,48.75
AHN-00083,21.644012656681184,48.825975625890344,CLIMS21p75_48p75,21.75,48.75
AHN-00084,21.645248783852974,48.92254949109556,CLIMS21p75_48p75,21.75,48.75
AHN-00085,21.64642883707145,49.01913009455921,CLIMS21p75_49p25,21.75,49.25
AHN-00086,21.72058829742854,47.95526982370079,CLIMS21p75_47p75,21.75,47.75
AHN-00087,21.722336229222833,48.051828906901136,CLIMS21p75_48p25,21.75,48.25
AHN-00088,21.72402800729025,48.148397561858275,CLIMS21p75_48p25,21.75,48.25
AHN-00089,21.725663608944508,48.24497547648785,CLIMS21p75_48p25,21.75,48.25
AHN-00090,21.72724301223973,48.34156233851348,CLIMS21p75_48p25,21.75,48.25
AHN-00091,21.728766195976604,48.438157835512264,CLIMS21p75_48p25,21.75,48.25
AHN-00092,21.730233139711064,48.5347616548745,CLIMS21p75_48p75,21.75,48.75
AHN-00093,21.73164382375551,48.63137348385739,CLIMS21p75_48p75,21.75,48.75
AHN-00094,21.73299822915686,48.7279930095597,CLIMS21p75_48p75,21.75,48.75
AHN-00095,21.734296337738964,48.82461991893689,CLIMS21p75_48p75,21.75,48.75
AHN-00096,21.812564202456343,48.04998349734466,CLIMS21p75_48p25,21.75,48.25
AHN-00097,21.81426370936346,48.146612396155135,CLIMS21p75_48p25,21.75,48.25
AHN-00098,21.815906783384175,48.24325058072459,CLIMS21p75_48p25,21.75,48.25
AHN-00099,21.81749340245336,48.33989773789428,CLIMS21p75_48p25,21.75,48.25
AHN-00100,21.819023545264283,48.436553554369226,CLIMS21p75_48p25,21.75,48.25
AHN-00101,21.82049719126233,48.533217716666925,CLIMS21p75_48p75,21.75,48.75
AHN-00102,21.821914320645508,48.62988991115679,CLIMS21p75_48p75,21.75,48.75
AHN-00103,21.823274914378057,48.72656982406584,CLIMS21p75_48p75,21.75,48.75
AHN-00104,21.824578954172154,48.82325714147626,CLIMS21p75_48p75,21.75,48.75
AHN-00105,21.825826422499446,48.91995154930761,CLIMS21p75_48p75,21.75,48.75
AHN-00106,21.89920657428466,47.85477876897853,CLIMS21p75_47p75,21.75,47.75
AHN-00107,21.90102712916414,47.95144865924667,CLIMS21p75_47p75,21.75,47.75
AHN-00108,21.902791041018556,48.04812848903033,CLIMS21p75_48p25,21.75,48.25
AHN-00109,21.904498286137933,48.144817944666315,CLIMS21p75_48p25,21.75,48.25
AHN-00110,21.90614884158159,48.24151671231651,CLIMS21p75_48p25,21.75,48.25
AHN-00111,21.90774268518217,48.338224477946135,CLIMS21p75_48p25,21.75,48.25
AHN-00112,21.90927979551569,48.43494092736671,CLIMS21p75_48p25,21.75,48.25
AHN-00113,21.91076015190706,48.53166574622579,CLIMS21p75_48p75,21.75,48.75
AHN-00114,21.91218373446813,48.62839862000624,CLIMS21p75_48p75,21.75,48.75
AHN-00115,21.913550524052038,48.72513923405736,CLIMS21p75_48p75,21.75,48.75
AHN-00116,21.914860502267217,48.8218872735509,CLIMS21p75_48p75,21.75,48.75
AHN-00117,21.916113651486782,48.91864242355195,CLIMS21p75_48p75,21.75,48.75
AHN-00118,21.98941600798764,47.852792476261385,CLIMS21p75_47p75,21.75,47.75
AHN-00119,21.99124482432777,47.94952318168831,CLIMS21p75_47p75,21.75,47.75
AHN-00120,21.993016740781332,48.04626385483044,CLIMS21p75_48p25,21.75,48.25
AHN-00121,21.994731733538625,48.14301418113154,CLIMS21p75_48p25,21.75,48.25
AHN-00122,21.99638977954396,48.239773845891314,CLIMS21p75_48p25,21.75,48.25
AHN-00123,21.997990856490837,48.336542534167464,CLIMS21p75_48p25,21.75,48.25
AHN-00124,21.99953494284029,48.43331993089921,CLIMS21p75_48p25,21.75,48.25
AHN-00125,22.001022017831215,48.53010572082794,CLIMS22p25_48p75,22.25,48.75
AHN-00126,22.0024520614423,48.6268995885692,CLIMS22p25_48p75,22.25,48.75
AHN-00127,22.00382505442737,48.723701218556975,CLIMS22p25_48p75,22.25,48.75
AHN-00128,22.005140978303803,48.820510295103134,CLIMS22p25_48p75,22.25,48.75
AHN-00129,22.006399815369797,48.917326502343734,CLIMS22p25_48p75,22.25,48.75
AHN-00130,22.079624278901353,47.8507959014233,CLIMS22p25_47p75,22.25,47.75
AHN-00131,22.08146136680261,47.94758773636382,CLIMS22p25_47p75,22.25,47.75
AHN-00132,22.083241297665243,48.044389567411905,CLIMS22p25_48p25,22.25,48.25
AHN-00133,22.084964047558266,48.14120107913634,CLIMS22p25_48p25,22.25,48.25
AHN-00134,22.086629593282275,48.238021955901125,CLIMS22p25_48p25,22.25,48.25
AHN-00135,22.088237912430046,48.3348518819071,CLIMS22p25_48p25,22.25,48.25
AHN-00136,22.089788983352822,48.431690541187635,CLIMS22p25_48p25,22.25,48.25
AHN-00137,22.091282785157667,48.52853761759942,CLIMS22p25_48p75,22.25,48.75
AHN-00138,22.09271929773551,48.62539279484512,CLIMS22p25_48p75,22.25,48.75
AHN-00139,22.09409850173585,48.72225575648206,CLIMS22p25_48p75,22.25,48.75
AHN-00140,22.095420378582308,48.81912618591446,CLIMS22p25_48p75,22.25,48.75
AHN-00141,22.169831382814483,47.84878901517986,CLIMS22p25_47p75,22.25,47.75
AHN-00142,22.171676752446768,47.945642294898235,CLIMS22p25_47p75,22.25,47.75
AHN-00143,22.173464707580706,48.0425055992902,CLIMS22p25_48p25,22.25,48.25
AHN-00144,22.175195224134434,48.139378612053314,CLIMS22p25_48p25,22.25,48.25
AHN-00145,22.17686827881562,48.236261016627424,CLIMS22p25_48p25,22.25,48.25
AHN-00146,22.17848384907996,48.33315249634215,CLIMS22p25_48p25,22.25,48.25
AHN-00147,22.18004191316703,48.43005273431268,CLIMS22p25_48p25,22.25,48.25
AHN-00148,22.181542450080766,48.52696141349555,CLIMS22p25_48p75,22.25,48.75
AHN-00149,22.182985439593566,48.62387821671525,CLIMS22p25_48p75,22.25,48.75
AHN-00150,22.18437086226265,48.72080282659075,CLIMS22p25_48p75,22.25,48.75
AHN-00151,22.185698699403268,48.81773492564441,CLIMS22p25_48p75,22.25,48.75
AHN-00152,22.186968933108886,48.91467419621513,CLIMS22p25_48p75,22.25,48.75
AHN-00153,22.260037315525334,47.846771788054475,CLIMS22p25_47p75,22.25,47.75
AHN-00154,22.261890977116252,47.94368682869931,CLIMS22p25_47p75,22.25,47.75
AHN-00155,22.263686966426608,48.04061192279188,CLIMS22p25_48p25,22.25,48.25
AHN-00156,22.2654252592545,48.13754675309793,CLIMS22p25_48p25,22.25,48.25
AHN-00157,22.267105832163985,48.23449100219285,CLIMS22p25_48p25,22.25,48.25
AHN-00158,22.2687286625153,48.3314443524813,CLIMS22p25_48p25,22.25,48.25
AHN-00159,22.27029372841137,48.42840648618914,CLIMS22p25_48p25,22.25,48.25
AHN-00160,22.271801008758686,48.525377085340615,CLIMS22p25_48p75,22.25,48.75
AHN-00161,22.273250483230925,48.622355831873655,CLIMS22p25_48p75,22.25,48.75
AHN-00162,22.274642132258368,48.719342407499695,CLIMS22p25_48p75,22.25,48.75
AHN-00163,22.275975937065752,48.816336493820465,CLIMS22p25_48p75,22.25,48.75
AHN-00164,22.277251879662796,48.913337772273195,CLIMS22p25_48p75,22.25,48.75
AHN-00165,22.27846994282586,49.010345924189686,CLIMS22p25_49p25,22.25,49.25
AHN-00166,22.279630110101216,49.10736063073175,CLIMS22p25_49p25,22.25,49.25
AHN-00167,22.352104036676646,47.94172130900368,CLIMS22p25_47p75,22.25,47.75
AHN-00168,22.353908070131634,48.03870851002558,CLIMS22p25_48p25,22.25,48.25
AHN-00169,22.35565414888024,48.13570547531663,CLIMS22p25_48p25,22.25,48.25
AHN-00170,22.35734224936982,48.23271188654048,CLIMS22p25_48p25,22.25,48.25
AHN-00171,22.35897234881657,48.32972742518366,CLIMS22p25_48p25,22.25,48.25
AHN-00172,22.360544425234036,48.42675177255146,CLIMS22p25_48p25,22.25,48.25
AHN-00173,22.362058457400483,48.52378460979886,CLIMS22p25_48p75,22.25,48.75
AHN-00174,22.36351442487088,48.62082561790381,CLIMS22p25_48p75,22.25,48.75
AHN-00175,22.364912307999905,48.71787447768492,CLIMS22p25_48p75,22.25,48.75
AHN-00176,22.36625208790123,48.81493086982386,CLIMS22p25_48p75,22.25,48.75
AHN-00177,22.367533746487904,48.911994474857586,CLIMS22p25_48p75,22.25,48.75
AHN-00178,22.368757266443424,49.00906497317355,CLIMS22p25_49p25,22.25,49.25
AHN-00179,22.36992263124232,49.10614204503469,CLIMS22p25_49p25,22.25,49.25
AHN-00180,22.37102982513109,49.203225370580675,CLIMS22p25_49p25,22.25,49.25
AHN-00181,22.442315926998862,47.93974570685383,CLIMS22p25_47p75,22.25,47.75
AHN-00182,22.444128014640828,48.0367953329631,CLIMS22p25_48p25,22.25,48.25
AHN-00183,22.445881889017343,48.13385475157301,CLIMS22p25_48p25,22.25,48.25
AHN-00184,22.447577526460417,48.230923643428554,CLIMS22p25_48p25,22.25,48.25
AHN-00185,22.44921490407809,48.32800168911383,CLIMS22p25_48p25,22.25,48.25
AHN-00186,22.450793999763327,48.425088569018655,CLIMS22p25_48p25,22.25,48.25
AHN-00187,22.452314792167318,48.52218396336215,CLIMS22p25_48p75,22.25,48.75
AHN-00188,22.453777260760663,48.619287552216676,CLIMS22p25_48p75,22.25,48.75
AHN-00189,22.455181385767094,48.716399015481024,CLIMS22p25_48p75,22.25,48.75
AHN-00190,22.456527148238514,48.81351803291602,CLIMS22p25_48p75,22.25,48.75
AHN-00191,22.45781452995507,48.91064428412865,CLIMS22p25_48p75,22.25,48.75
AHN-00192,22.459043513526346,49.0077774485826,CLIMS22p25_49p25,22.25,49.25
AHN-00193,22.46021408233029,49.104917205632844,CLIMS22p25_49p25,22.25,49.25
AHN-00194,22.461326220538698,49.202063234483035,CLIMS22p25_49p25,22.25,49.25
AHN-00195,22.534346795852993,48.03487236335528,CLIMS22p75_48p25,22.75,48.25
AHN-00196,22.536108475632968,48.131994554526536,CLIMS22p75_48p25,22.75,48.25
AHN-00197,22.537811659489424,48.229126246455756,CLIMS22p75_48p25,22.75,48.25
AHN-00198,22.53945632439946,48.32626711880116,CLIMS22p75_48p25,22.75,48.25
AHN-00199,22.54104244813628,48.423416851003914,CLIMS22p75_48p25,22.75,48.25
AHN-00200,22.54257000926853,48.520575122391136,CLIMS22p75_48p75,22.75,48.75
AHN-00201,22.544038987136908,48.6177416120909,CLIMS22p75_48p75,22.75,48.75
AHN-00202,22.545449361877775,48.71491599908191,CLIMS22p75_48p75,22.75,48.75
AHN-00203,22.546801114399948,48.81209796220295,CLIMS22p75_48p75,22.75,48.75
AHN-00204,22.548094226436305,48.909287180112024,CLIMS22p75_48p75,22.75,48.75
AHN-00205,22.549328680479004,49.006483331385624,CLIMS22p75_49p25,22.75,49.25
AHN-00206,22.550504459831856,49.10368609440616,CLIMS22p75_49p25,22.75,49.25
AHN-00207,22.55162154857801,49.200895147465474,CLIMS22p75_49p25,22.75,49.25
AHN-00208,22.62456440974824,48.03293957278159,CLIMS22p75_48p25,22.75,48.25
AHN-00209,22.626333904743824,48.13012485669373,CLIMS22p75_48p25,22.75,48.25
AHN-00210,22.62804464449978,48.227319669045364,CLIMS22p75_48p25,22.75,48.25
AHN-00211,22.629696605883613,48.32452368856741,CLIMS22p75_48p25,22.75,48.25
AHN-00212,22.631289766539346,48.42173659378063,CLIMS22p75_48p25,22.75,48.25
AHN-00213,22.632824104919273,48.51895806307266,CLIMS22p75_48p75,22.75,48.75
AHN-00214,22.63429960025699,48.61618777464361,CLIMS22p75_48p75,22.75,48.75
AHN-00215,22.635716232582773,48.71342540653086,CLIMS22p75_48p75,22.75,48.75
AHN-00216,22.637073982728097,48.810670636655786,CLIMS22p75_48p75,22.75,48.75
AHN-00217,22.638372832306832,48.90792314273496,CLIMS22p75_48p75,22.75,48.75
AHN-00218,22.639612763726973,49.005182602398925,CLIMS22p75_49p25,22.75,49.25
AHN-00219,22.64079376019492,49.102448693110624,CLIMS22p75_49p25,22.75,49.25
AHN-00220,22.64191580571967,49.19972109222001,CLIMS22p75_49p25,22.75,49.25
AHN-00221,22.71478085224024,48.03099693262891,CLIMS22p75_48p25,22.75,48.25
AHN-00222,22.716558172340996,48.12824563038042,CLIMS22p75_48p25,22.75,48.25
AHN-00223,22.71827647756219,48.22550388444241,CLIMS22p75_48p25,22.75,48.25
AHN-00224,22.7199357446377,48.32277137259949,CLIMS22p75_48p25,22.75,48.25
AHN-00225,22.72153595111447,48.42004777245425,CLIMS22p75_48p25,22.75,48.25
AHN-00226,22.72307707532225,48.51733276143129,CLIMS22p75_48p75,22.75,48.75
AHN-00227,22.72455909638197,48.61462601683781,CLIMS22p75_48p75,22.75,48.75
AHN-00228,22.72598199423157,48.711927215733894,CLIMS22p75_48p75,22.75,48.75
AHN-00229,22.727345749590263,48.8092360351116,CLIMS22p75_48p75,22.75,48.75
AHN-00230,22.72865034397169,48.90655215174897,CLIMS22p75_48p75,22.75,48.75
AHN-00231,22.729895759704196,49.003875242335596,CLIMS22p75_49p25,22.75,49.25
AHN-00232,22.731081979894178,49.10120498339549,CLIMS22p75_49p25,22.75,49.25
AHN-00233,22.73220898848066,49.19854105133594,CLIMS22p75_49p25,22.75,49.25
AHN-00234,22.804996119303343,48.029044414099346,CLIMS22p75_48p25,22.75,48.25
AHN-00235,22.806781274443704,48.126356847716224,CLIMS22p75_48p25,22.75,48.25
AHN-00236,22.808507154737963,48.22367886571063,CLIMS22p75_48p25,22.75,48.25
AHN-00237,22.810173736794184,48.32101014489169,CLIMS22p75_48p25,22.75,48.25
AHN-00238,22.81178099804456,48.418350361953486,CLIMS22p75_48p25,22.75,48.25
AHN-00239,22.813328916701177,48.51569919337227,CLIMS22p75_48p75,22.75,48.75
AHN-00240,22.81481747178674,48.61305631548199,CLIMS22p75_48p75,22.75,48.75
AHN-00241,22.81624664312074,48.710421404442386,CLIMS22p75_48p75,22.75,48.75
AHN-00242,22.817616411323286,48.80779413625332,CLIMS22p75_48p75,22.75,48.75
AHN-00243,22.818926757820982,48.90517418679817,CLIMS22p75_48p75,22.75,48.75
AHN-00244,22.82017766484499,49.002561231773,CLIMS22p75_49p25,22.75,49.25
AHN-00245,22.821369115425,49.09995494677976,CLIMS22p75_49p25,22.75,49.25
AHN-00246,22.822501093386908,49.19735500726488,CLIMS22p75_49p25,22.75,49.25
AHN-00247,22.8235735833843,49.29476108856517,CLIMS22p75_49p25,22.75,49.25
AHN-00248,22.827268384623615,49.684439124539104,CLIMS22p75_49p75,22.75,49.75
AHN-00249,22.89521020688539,48.027081988195846,CLIMS22p75_48p25,22.75,48.25
AHN-00250,22.897003207065357,48.124458480664096,CLIMS22p75_48p25,22.75,48.25
AHN-00251,22.89873667208901,48.22184458572732,CLIMS22p75_48p25,22.75,48.25
AHN-00252,22.90041057847068,48.31923997928301,CLIMS22p75_48p25,22.75,48.25
AHN-00253,22.902024903500383,48.41664433706074,CLIMS22p75_48p25,22.75,48.25
AHN-00254,22.90357962528172,48.51405733459116,CLIMS22p75_48p75,22.75,48.75
AHN-00255,22.905074722737314,48.61147864724595,CLIMS22p75_48p75,22.75,48.75
AHN-00256,22.90651017557091,48.70890795025077,CLIMS22p75_48p75,22.75,48.75
AHN-00257,22.90788596430752,48.806344918653,CLIMS22p75_48p75,22.75,48.75
AHN-00258,22.9092020702771,48.903789227376954,CLIMS22p75_48p75,22.75,48.75
AHN-00259,22.910458475609445,49.001240551162276,CLIMS22p75_49p25,22.75,49.25
AHN-00260,22.911655163250973,49.0986985646578,CLIMS22p75_49p25,22.75,49.25
AHN-00261,22.912792116944953,49.19616294235927,CLIMS22p75_49p25,22.75,49.25
AHN-00262,22.91386932125567,49.29363335864599,CLIMS22p75_49p25,22.75,49.25
AHN-00263,22.914886761560336,49.39110948777066,CLIMS22p75_49p25,22.75,49.25
AHN-00264,22.915844424031256,49.48859100388157,CLIMS22p75_49p25,22.75,49.25
AHN-00265,22.91674229565311,49.58607758101584,CLIMS22p75_49p75,22.75,49.75
AHN-00266,22.9175803642263,49.683568893130214,CLIMS22p75_49p75,22.75,49.75
AHN-00267,22.918358618380257,49.781064614060575,CLIMS22p75_49p75,22.75,49.75
AHN-00268,22.919077047514875,49.87856441758535,CLIMS22p75_49p75,22.75,49.75
AHN-00269,22.98722396622897,48.12255050096615,CLIMS22p75_48p25,22.75,48.25
AHN-00270,22.988965025715746,48.22000101721851,CLIMS22p75_48p25,22.75,48.25
AHN-00271,22.99064626580207,48.31746084943082,CLIMS22p75_48p25,22.75,48.25
AHN-00272,22.992267663664816,48.41492967237048,CLIMS22p75_48p25,22.75,48.25
AHN-00273,22.993829197311843,48.51240716063922,CLIMS22p75_48p75,22.75,48.75
AHN-00274,22.995330845526436,48.609892988641796,CLIMS22p75_48p75,22.75,48.75
AHN-00275,22.996772587924376,48.70738683062979,CLIMS22p75_48p75,22.75,48.75
AHN-00276,22.998154404921987,48.804888360715665,CLIMS22p75_48p75,22.75,48.75
AHN-00277,22.999476277748403,48.902397252842185,CLIMS22p75_48p75,22.75,48.75
AHN-00278,23.00073818844927,48.99991318081858,CLIMS23p25_48p75,23.25,48.75
AHN-00279,23.001940119880988,49.0974358183067,CLIMS23p25_49p25,23.25,49.25
AHN-00280,23.003082055702087,49.19496483885208,CLIMS23p25_49p25,23.25,49.25
AHN-00281,23.004163980397276,49.29249991586163,CLIMS23p25_49p25,23.25,49.25
AHN-00282,23.005185879255695,49.39004072264662,CLIMS23p25_49p25,23.25,49.25
AHN-00283,23.006147738381024,49.48758693237674,CLIMS23p25_49p25,23.25,49.25
AHN-00284,23.00704954470437,49.58513821812037,CLIMS23p25_49p75,23.25,49.75
AHN-00285,23.007891285963574,49.68269425287402,CLIMS23p25_49p75,23.25,49.75
AHN-00286,23.008672950691626,49.780254709523405,CLIMS23p25_49p75,23.25,49.75
AHN-00287,23.009394528281057,49.87781926085496,CLIMS23p25_49p75,23.25,49.75
AHN-00288,23.077443547961273,48.12063288020849,CLIMS23p25_48p25,23.25,48.25
AHN-00289,23.079192211688028,48.218148132691724,CLIMS23p25_48p25,23.25,48.25
AHN-00290,23.08088079492889,48.31567272881005,CLIMS23p25_48p25,23.25,48.25
AHN-00291,23.082509274748944,48.41320634233694,CLIMS23p25_48p25,23.25,48.25
AHN-00292,23.084077629020438,48.51074864692536,CLIMS23p25_48p75,23.25,48.75
AHN-00293,23.08558583644269,48.60829931600767,CLIMS23p25_48p75,23.25,48.75
AHN-00294,23.087033876506712,48.705858022886616,CLIMS23p25_48p75,23.25,48.75
AHN-00295,23.088421729537554,48.80342444070688,CLIMS23p25_48p75,23.25,48.75
AHN-00296,23.089749376673705,48.900998242437026,CLIMS23p25_48p75,23.25,48.75
AHN-00297,23.091016799845207,48.9985791009256,CLIMS23p25_48p75,23.25,48.75
AHN-00298,23.092223981824965,49.09616668887265,CLIMS23p25_49p25,23.25,49.25
AHN-00299,23.09337090620134,49.19376067884607,CLIMS23p25_49p25,23.25,49.25
AHN-00300,23.09445755736835,49.2913607433042,CLIMS23p25_49p25,23.25,49.25
AHN-00301,23.095483920536424,49.388966554553136,CLIMS23p25_49p25,23.25,49.25
AHN-00302,23.096449981745515,49.48657778481451,CLIMS23p25_49p25,23.25,49.25
AHN-00303,23.09735572784399,49.58419410620633,CLIMS23p25_49p75,23.25,49.75
AHN-00304,23.098201146509986,49.681815190718346,CLIMS23p25_49p75,23.25,49.75
AHN-00305,23.098986226244055,49.77944071027583,CLIMS23p25_49p75,23.25,49.75
AHN-00306,23.099710956341223,49.87707033670163,CLIMS23p25_49p75,23.25,49.75
AHN-00307,23.1003753269496,49.97470374174626,CLIMS23p25_49p75,23.25,49.75
AHN-00308,23.16766194831962,48.11870558977466,CLIMS23p25_48p25,23.25,48.25
AHN-00309,23.16941822611375,48.216285904519204,CLIMS23p25_48p25,23.25,48.25
AHN-00310,23.171114162002276,48.313875590728045,CLIMS23p25_48p25,23.25,48.25
AHN-00311,23.17274973293604,48.41147432122252,CLIMS23p25_48p25,23.25,48.25
AHN-00312,23.174324916668233,48.50908176866449,CLIMS23p25_48p75,23.25,48.75
AHN-00313,23.175839691775206,48.60669760554234,CLIMS23p25_48p75,23.25,48.75
AHN-00314,23.177294037668787,48.70432150418498,CLIMS23p25_48p75,23.25,48.75
AHN-00315,23.178687934559935,48.801953136753184,CLIMS23p25_48p75,23.25,48.75
AHN-00316,23.180021363460593,48.89959217524546,CLIMS23p25_48p75,23.25,48.75
AHN-00317,23.181294306250532,48.99723829155234,CLIMS23p25_48p75,23.25,48.75
AHN-00318,23.1825067455938,49.09489115738038,CLIMS23p25_49p25,23.25,49.25
AHN-00319,23.183658664990407,49.19255044435342,CLIMS23p25_49p25,23.25,49.25
AHN-00320,23.184750048747762,49.29021582390591,CLIMS23p25_49p25,23.25,49.25
AHN-00321,23.185780882014292,49.38788696742668,CLIMS23p25_49p25,23.25,49.25
AHN-00322,23.1867511507488,49.48556354611936,CLIMS23p25_49p25,23.25,49.25
AHN-00323,23.18766084174257,49.583245231138136,CLIMS23p25_49p75,23.25,49.75
AHN-00324,23.18850994259596,49.68093169350027,CLIMS23p25_49p75,23.25,49.75
AHN-00325,23.18929844174933,49.778622604141255,CLIMS23p25_49p75,23.25,49.75
AHN-00326,23.190026328455254,49.87631763391496,CLIMS23p25_49p75,23.25,49.75
AHN-00327,23.190693592794368,49.97401645360003,CLIMS23p25_49p75,23.25,49.75
AHN-00328,23.25787916331385,48.11676860086654,CLIMS23p25_48p25,23.25,48.25
AHN-00329,23.25964306507718,48.21441430485393,CLIMS23p25_48p25,23.25,48.25
AHN-00330,23.26134636317761,48.31206940831955,CLIMS23p25_48p25,23.25,48.25
AHN-00331,23.26298903443524,48.40973358311715,CLIMS23p25_48p25,23.25,48.25
AHN-00332,23.26457105650757,48.50740650094009,CLIMS23p25_48p75,23.25,48.75
AHN-00333,23.266092407855226,48.605087833287435,CLIMS23p25_48p75,23.25,48.75
AHN-00334,23.26755306777586,48.70277725153033,CLIMS23p25_48p75,23.25,48.75
AHN-00335,23.26895301636623,48.800474426823676,CLIMS23p25_48p75,23.25,48.75
AHN-00336,23.270292234574814,48.89817903022223,CLIMS23p25_48p75,23.25,48.75
AHN-00337,23.271570704162354,48.99589073261585,CLIMS23p25_48p75,23.25,48.75
AHN-00338,23.272788407709466,49.093609204740204,CLIMS23p25_49p25,23.25,49.25
AHN-00339,23.273945328620663,49.19133411723003,CLIMS23p25_49p25,23.25,49.25
AHN-00340,23.275041451140527,49.289065140548125,CLIMS23p25_49p25,23.25,49.25
AHN-00341,23.276076760331055,49.38680194508729,CLIMS23p25_49p25,23.25,49.25
AHN-00342,23.277051242076386,49.484544201087225,CLIMS23p25_49p25,23.25,49.25
AHN-00343,23.277964883094974,49.582291578703305,CLIMS23p25_49p75,23.25,49.75
AHN-00344,23.278817670933403,49.68004374798212,CLIMS23p25_49p75,23.25,49.75
AHN-00345,23.279609593957872,49.77780037886471,CLIMS23p25_49p75,23.25,49.75
AHN-00346,23.28034064137737,49.8755611412137,CLIMS23p25_49p75,23.25,49.75
AHN-00347,23.281010803226394,49.973325704831936,CLIMS23p25_49p75,23.25,49.75
AHN-00348,23.348095189026996,48.11482188448721,CLIMS23p25_48p25,23.25,48.25
AHN-00349,23.349866724695477,48.21253330567574,CLIMS23p25_48p25,23.25,48.25
AHN-00350,23.351577394609365,48.3102541545384,CLIMS23p25_48p25,23.25,48.25
AHN-00351,23.353227175473446,48.40798410195696,CLIMS23p25_48p25,23.25,48.25
AHN-00352,23.354816044807016,48.50572281864815,CLIMS23p25_48p75,23.25,48.75
AHN-00353,23.356343980984693,48.60346997513024,CLIMS23p25_48p75,23.25,48.75
AHN-00354,23.35781096317548,48.70122524177147,CLIMS23p25_48p75,23.25,48.75
AHN-00355,23.359216971387237,48.798988288765145,CLIMS23p25_48p75,23.25,48.75
AHN-00356,23.360561986469094,48.896758786181714,CLIMS23p25_48p75,23.25,48.75
AHN-00357,23.361845990076706,48.99453640391609,CLIMS23p25_48p75,23.25,48.75
AHN-00358,23.363068964706816,49.09232081171783,CLIMS23p25_49p25,23.25,49.25
AHN-00359,23.3642308936816,49.19011167923174,CLIMS23p25_49p25,23.25,49.25
AHN-00360,23.36533176115818,49.28790867595732,CLIMS23p25_49p25,23.25,49.25
AHN-00361,23.366371552121706,49.38571147126096,CLIMS23p25_49p25,23.25,49.25
AHN-00362,23.367350252382167,49.48351973442324,CLIMS23p25_49p25,23.25,49.25
AHN-00363,23.368267848600276,49.58133313459438,CLIMS23p25_49p75,23.25,49.75
AHN-00364,23.369124328245494,49.67915134083353,CLIMS23p25_49p75,23.25,49.75
AHN-00365,23.36991967963052,49.776974022089895,CLIMS23p25_49p75,23.25,49.75
AHN-00366,23.37065389191674,49.87480084724515,CLIMS23p25_49p75,23.25,49.75
AHN-00367,23.438310021495617,48.112865411462494,CLIMS23p25_48p25,23.25,48.25
AHN-00368,23.440089201083275,48.21064287878292,CLIMS23p25_48p25,23.25,48.25
AHN-00369,23.44180725248008,48.308429802160205,CLIMS23p25_48p25,23.25,48.25
AHN-00370,23.443464152257764,48.406225851500324,CLIMS23p25_48p25,23.25,48.25
AHN-00371,23.445059877852014,48.50403069652718,CLIMS23p25_48p75,23.25,48.75
AHN-00372,23.44659440748893,48.60184400677169,CLIMS23p25_48p75,23.25,48.75
AHN-00373,23.448067720239248,48.6996654516192,CLIMS23p25_48p75,23.25,48.75
AHN-00374,23.449479796030044,48.79749470027632,CLIMS23p25_48p75,23.25,48.75
AHN-00375,23.45083061559119,48.89533142179707,CLIMS23p25_48p75,23.25,48.75
AHN-00376,23.45212016048195,48.99317528510955,CLIMS23p25_48p75,23.25,48.75
AHN-00377,23.453348413119382,49.09102595896393,CLIMS23p25_49p25,23.25,49.25
AHN-00378,23.45451535673844,49.18888311200826,CLIMS23p25_49p25,23.25,49.25
AHN-00379,23.45562097540729,49.28674641274653,CLIMS23p25_49p25,23.25,49.25
AHN-00380,23.456665254028632,49.384615529565686,CLIMS23p25_49p25,23.25,49.25
AHN-00381,23.457648178364238,49.48249013072671,CLIMS23p25_49p25,23.25,49.25
AHN-00382,23.45856973497161,49.58036988440163,CLIMS23p25_49p75,23.25,49.75
AHN-00383,23.459429911273947,49.6782544586365,CLIMS23p25_49p75,23.25,49.75
AHN-00384,23.46022869552933,49.77614352140352,CLIMS23p25_49p75,23.25,49.75
AHN-00385,23.460966076813556,49.87403674057893,CLIMS23p25_49p75,23.25,49.75
AHN-00386,23.528523656795706,48.11089915241571,CLIMS23p75_48p25,23.75,48.25
AHN-00387,23.530310490370255,48.208742995776625,CLIMS23p75_48p25,23.75,48.25
AHN-00388,23.532035932950766,48.306596323784554,CLIMS23p75_48p25,23.75,48.25
AHN-00389,23.533699961037687,48.40445880532719,CLIMS23p75_48p25,23.75,48.25
AHN-00390,23.535302551908146,48.502330109153945,CLIMS23p75_48p75,23.75,48.75
AHN-00391,23.53684368369317,48.60020990378481,CLIMS23p75_48p75,23.75,48.75
AHN-00392,23.538323335370567,48.698097857625974,CLIMS23p75_48p75,23.75,48.75
AHN-00393,23.539741486728317,48.795993638872304,CLIMS23p75_48p75,23.75,48.75
AHN-00394,23.541098118414766,48.89389691560724,CLIMS23p75_48p75,23.75,48.75
AHN-00395,23.542393211904518,48.99180735571823,CLIMS23p75_48p75,23.75,48.75
AHN-00396,23.54362674950797,49.08972462700112,CLIMS23p75_49p25,23.75,49.25
AHN-00397,23.544798714377887,49.18764839706852,CLIMS23p75_49p25,23.75,49.25
AHN-00398,23.54590909050146,49.285578333439126,CLIMS23p75_49p25,23.75,49.25
AHN-00399,23.54695786271579,49.383514103498115,CLIMS23p75_49p25,23.75,49.25
AHN-00400,23.547945016680142,49.48145537450232,CLIMS23p75_49p25,23.75,49.25
AHN-00401,23.54887053891392,49.57940181362172,CLIMS23p75_49p75,23.75,49.75
AHN-00402,23.549734416758287,49.67735308789596,CLIMS23p75_49p75,23.75,49.75
AHN-00403,23.55053663841352,49.77530886429958,CLIMS23p75_49p75,23.75,49.75
AHN-00404,23.551277192906348,49.87326880969487,CLIMS23p75_49p75,23.75,49.75
AHN-00405,23.618736090990797,48.108923077786045,CLIMS23p75_48p25,23.75,48.25
AHN-00406,23.6205305886574,48.20683362809435,CLIMS23p75_48p25,23.75,48.25
AHN-00407,23.62226343222917,48.30475369181494,CLIMS23p75_48p25,23.75,48.25
AHN-00408,23.62393459803275,48.402682936846986,CLIMS23p75_48p25,23.75,48.25
AHN-00409,23.625544063263895,48.50062103092356,CLIMS23p75_48p75,23.75,48.75
AHN-00410,23.627091805943778,48.5985676415706,CLIMS23p75_48p75,23.75,48.75
AHN-00411,23.628577804918457,48.696522436185724,CLIMS23p75_48p75,23.75,48.75
AHN-00412,23.630002039900063,48.79448508197397,CLIMS23p75_48p75,23.75,48.75
AHN-00413,23.631364491414125,48.89245524599259,CLIMS23p75_48p75,23.75,48.75
AHN-00414,23.63266514084901,48.99043259514606,CLIMS23p75_48p75,23.75,48.75
AHN-00415,23.63390397042492,49.08841679621045,CLIMS23p75_49p25,23.75,49.25
AHN-00416,23.63508096320254,49.186407515800234,CLIMS23p75_49p25,23.75,49.25
AHN-00417,23.63619610309154,49.28440442042348,CLIMS23p75_49p25,23.75,49.25
AHN-00418,23.637249374851674,49.382407176457,CLIMS23p75_49p25,23.75,49.25
AHN-00419,23.638240764062864,49.48041545014779,CLIMS23p75_49p25,23.75,49.25
AHN-00420,23.63917025716722,49.578428907657845,CLIMS23p75_49p75,23.75,49.75
AHN-00421,23.640037841469766,49.676447215018264,CLIMS23p75_49p75,23.75,49.75
AHN-00422,23.640843505078507,49.77447003818997,CLIMS23p75_49p75,23.75,49.75
AHN-00423,23.64158723697813,49.87249704301334,CLIMS23p75_49p75,23.75,49.75
AHN-00424,23.708947320155154,48.10693715779537,CLIMS23p75_48p25,23.75,48.25
AHN-00425,23.710749492097698,48.204914746963105,CLIMS23p75_48p25,23.75,48.25
AHN-00426,23.712489746474425,48.302901878501565,CLIMS23p75_48p25,23.75,48.25
AHN-00427,23.714168059500473,48.40089821929562,CLIMS23p75_48p25,23.75,48.25
AHN-00428,23.715784408235567,48.49890343607761,CLIMS23p75_48p25,23.75,48.25
AHN-00429,23.717338770587105,48.596917195366274,CLIMS23p75_48p75,23.75,48.75
AHN-00430,23.718831125314292,48.69493916354194,CLIMS23p75_48p75,23.75,48.75
AHN-00431,23.720261451996336,48.79296900680308,CLIMS23p75_48p75,23.75,48.75
AHN-00432,23.721629731077694,48.89100639121189,CLIMS23p75_48p75,23.75,48.75
AHN-00433,23.72293594384825,48.9890509826387,CLIMS23p75_48p75,23.75,48.75
AHN-00434,23.72418007243166,49.087102446862005,CLIMS23p75_49p25,23.75,49.25
AHN-00435,23.725362099814152,49.18516044947515,CLIMS23p75_49p25,23.75,49.25
AHN-00436,23.726482009813537,49.283224655985904,CLIMS23p75_49p25,23.75,49.25
AHN-00437,23.727539787094212,49.38129473172688,CLIMS23p75_49p25,23.75,49.25
AHN-00438,23.728535417198387,49.479370341964,CLIMS23p75_49p25,23.75,49.25
AHN-00439,23.729468886483268,49.57745115181686,CLIMS23p75_49p75,23.75,49.75
AHN-00440,23.73034018215989,49.675536826319664,CLIMS23p75_49p75,23.75,49.75
AHN-00441,23.799157340383996,48.104941362492454,CLIMS23p75_48p25,23.75,48.25
AHN-00442,23.800967196845615,48.202986323435105,CLIMS23p75_48p25,23.75,48.25
AHN-00443,23.802714871911583,48.30104085589293,CLIMS23p75_48p25,23.75,48.25
AHN-00444,23.804400341685128,48.3991046257306,CLIMS23p75_48p25,23.75,48.25
AHN-00445,23.80602358310699,48.497177298680505,CLIMS23p75_48p25,23.75,48.25
AHN-00446,23.807584573978097,48.59525854023784,CLIMS23p75_48p75,23.75,48.75
AHN-00447,23.809083292932552,48.693348015777744,CLIMS23p75_48p75,23.75,48.75
AHN-00448,23.810519719461468,48.79144539046945,CLIMS23p75_48p75,23.75,48.75
AHN-00449,23.811893833905987,48.88955032936186,CLIMS23p75_48p75,23.75,48.75
AHN-00450,23.813205617449015,48.987662497330795,CLIMS23p75_48p75,23.75,48.75
AHN-00451,23.814455052127638,49.08578155907976,CLIMS23p75_49p25,23.75,49.25
AHN-00452,23.81564212083591,49.18390717924801,CLIMS23p75_49p25,23.75,49.25
AHN-00453,23.81676680731803,49.28203902227344,CLIMS23p75_49p25,23.75,49.25
AHN-00454,23.817829096160274,49.38017675249033,CLIMS23p75_49p25,23.75,49.25
AHN-00455,23.81882897280872,49.47832003413174,CLIMS23p75_49p25,23.75,49.25
AHN-00456,23.81976642357369,49.57646853131992,CLIMS23p75_49p75,23.75,49.75
AHN-00457,23.8893661477587,48.10293566172235,CLIMS23p75_48p25,23.75,48.25
AHN-00458,23.891183699026843,48.20104832836571,CLIMS23p75_48p25,23.75,48.25
AHN-00459,23.8929388047351,48.29917059584258,CLIMS23p75_48p25,23.75,48.25
AHN-00460,23.89463144084641,48.397302129034806,CLIMS23p75_48p25,23.75,48.25
AHN-00461,23.89626158420665,48.495442592626695,CLIMS23p75_48p25,23.75,48.25
AHN-00462,23.897829212480644,48.59359165111002,CLIMS23p75_48p75,23.75,48.75
AHN-00463,23.89933430420032,48.69174896881574,CLIMS23p75_48p75,23.75,48.75
AHN-00464,23.900776838756745,48.789914209911224,CLIMS23p75_48p75,23.75,48.75
AHN-00465,23.902156796383515,48.888087038423855,CLIMS23p75_48p75,23.75,48.75
AHN-00466,23.90347415817132,48.98626711817539,CLIMS23p75_48p75,23.75,48.75
AHN-00467,23.904728906069153,49.08445411288439,CLIMS23p75_49p25,23.75,49.25
AHN-00468,23.90592102287735,49.182647686128,CLIMS23p75_49p25,23.75,49.25
AHN-00469,23.907050492255024,49.280847501336716,CLIMS23p75_49p25,23.75,49.25
AHN-00470,23.90811729871434,49.37905322180763,CLIMS23p75_49p25,23.75,49.25
AHN-00471,23.9091214276332,49.477264510756676,CLIMS23p75_49p25,23.75,49.25
AHN-00472,23.97957373837634,48.10092002513789,CLIMS23p75_48p25,23.75,48.25
AHN-00473,23.98139899481253,48.19910073240467,CLIMS23p75_48p25,23.75,48.25
AHN-00474,23.98316154115185,48.29729107005329,CLIMS23p75_48p25,23.75,48.25
AHN-00475,23.98486135326395,48.39549070191432,CLIMS23p75_48p25,23.75,48.25
AHN-00476,23.986498407842657,48.49369929164244,CLIMS23p75_48p25,23.75,48.25
AHN-00477,23.988072682453815,48.591916502705935,CLIMS23p75_48p75,23.75,48.75
AHN-00478,23.989584155535177,48.690141998435095,CLIMS23p75_48p75,23.75,48.75
AHN-00479,23.99103280634734,48.78837544192784,CLIMS23p75_48p75,23.75,48.75
AHN-00480,23.992418615036115,48.886616496197334,CLIMS23p75_48p75,23.75,48.75
AHN-00481,23.993741562589832,48.98486482403554,CLIMS23p75_48p75,23.75,48.75
AHN-00482,23.995001630869492,49.08312008813054,CLIMS23p75_49p25,23.75,49.25
AHN-00483,23.99619880258435,49.1813819510202,CLIMS23p75_49p25,23.75,49.25
AHN-00484,23.997333061305003,49.27965007510208,CLIMS23p75_49p25,23.75,49.25
AHN-00485,23.998404391473528,49.37792412264005,CLIMS23p75_49p25,23.75,49.25
AHN-00486,23.999412778394007,49.47620375581695,CLIMS23p75_49p25,23.75,49.25
AHN-00487,24.069780108345483,48.09889442217704,CLIMS24p25_48p25,24.25,48.25
AHN-00488,24.07161308035691,48.197143506049166,CLIMS24p25_48p25,24.25,48.25
AHN-00489,24.073383077394762,48.29540225001167,CLIMS24p25_48p25,24.25,48.25
AHN-00490,24.075090075194556,48.39367031688557,CLIMS24p25_48p25,24.25,48.25
AHN-00491,24.076734050345657,48.49194736927052,CLIMS24p25_48p25,24.25,48.25
AHN-00492,24.0783149803034,48.5902330696281,CLIMS24p25_48p75,24.25,48.75
AHN-00493,24.079832843361327,48.68852708023577,CLIMS24p25_48p75,24.25,48.75
AHN-00494,24.081287618716974,48.78682906315639,CLIMS24p25_48p75,24.25,48.75
AHN-00495,24.08267928637961,48.885138680358445,CLIMS24p25_48p75,24.25,48.75
AHN-00496,24.084007827266127,48.98345559361392,CLIMS24p25_48p75,24.25,48.75
AHN-00497,24.085273223123945,49.08177946456168,CLIMS24p25_49p25,24.25,49.25
AHN-00498,24.086475456587777,49.18010995469549,CLIMS24p25_49p25,24.25,49.25
AHN-00499,24.087614511149614,49.27844672537271,CLIMS24p25_49p25,24.25,49.25
AHN-00500,24.08869037116277,49.37678943782607,CLIMS24p25_49p25,24.25,49.25
AHN-00501,24.089703021838,49.47513775318482,CLIMS24p25_49p25,24.25,49.25
AHN-00502,24.159985253775282,48.09685882209261,CLIMS24p25_48p25,24.25,48.25
AHN-00503,24.161825951831673,48.19517661956214,CLIMS24p25_48p25,24.25,48.25
AHN-00504,24.16360340968462,48.29350410702399,CLIMS24p25_48p25,24.25,48.25
AHN-00505,24.165317602936717,48.39184094628984,CLIMS24p25_48p25,24.25,48.25
AHN-00506,24.166968508055934,48.490186798901796,CLIMS24p25_48p25,24.25,48.25
AHN-00507,24.168556102385093,48.58854132628725,CLIMS24p25_48p75,24.25,48.75
AHN-00508,24.17008036412434,48.686904189663785,CLIMS24p25_48p75,24.25,48.75
AHN-00509,24.1715412723233,48.78527505008069,CLIMS24p25_48p75,24.25,48.75
AHN-00510,24.172938806939996,48.883653568434866,CLIMS24p25_48p75,24.25,48.75
AHN-00511,24.174272948754396,48.98203940547546,CLIMS24p25_48p75,24.25,48.75
AHN-00512,24.175543679450097,49.080432221775965,CLIMS24p25_49p25,24.25,49.25
AHN-00513,24.176750981550718,49.17883167779583,CLIMS24p25_49p25,24.25,49.25
AHN-00514,24.17789483846797,49.27723743384458,CLIMS24p25_49p25,24.25,49.25
AHN-00515,24.17897523447743,49.3756491500996,CLIMS24p25_49p25,24.25,49.25
AHN-00516,24.179992154723756,49.47406648663596,CLIMS24p25_49p25,24.25,49.25
AHN-00517,24.250189170777222,48.09481319393028,CLIMS24p25_48p25,24.25,48.25
AHN-00518,24.25203760541342,48.19320004301831,CLIMS24p25_48p25,24.25,48.25
AHN-00519,24.25382253424711,48.291596612227,CLIMS24p25_48p25,24.25,48.25
AHN-00520,24.255543932761324,48.3900025622914,CLIMS24p25_48p25,24.25,48.25
AHN-00521,24.25720177731281,48.488417553730294,CLIMS24p25_48p25,24.25,48.25
AHN-00522,24.258796045107655,48.58684124692355,CLIMS24p25_48p75,24.25,48.75
AHN-00523,24.260326714247576,48.68527330201246,CLIMS24p25_48p75,24.25,48.75
AHN-00524,24.261793763687553,48.7837133790295,CLIMS24p25_48p75,24.25,48.75
AHN-00525,24.263197173255808,48.88216113781404,CLIMS24p25_48p75,24.25,48.75
AHN-00526,24.264536923655385,48.980616238036475,CLIMS24p25_48p75,24.25,48.75
AHN-00527,24.265812996464888,49.07907833925517,CLIMS24p25_49p25,24.25,49.25
AHN-00528,24.26702537412797,49.17754710084221,CLIMS24p25_49p25,24.25,49.25
AHN-00529,24.268174039965217,49.27602218207414,CLIMS24p25_49p25,24.25,49.25
AHN-00530,24.269258978173834,49.37450324206546,CLIMS24p25_49p25,24.25,49.25
AHN-00531,24.270280173832415,49.472989939838385,CLIMS24p25_49p25,24.25,49.25
AHN-00532,24.34039185548941,48.092757506522666,CLIMS24p25_48p25,24.25,48.25
AHN-00533,24.34224803729464,48.1912137463187,CLIMS24p25_48p25,24.25,48.25
AHN-00534,24.344040447339108,48.28967973653822,CLIMS24p25_48p25,24.25,48.25
AHN-00535,24.345769060993373,48.38815513687108,CLIMS24p25_48p25,24.25,48.25
AHN-00536,24.347433854471024,48.486639606790526,CLIMS24p25_48p25,24.25,48.25
AHN-00537,24.349034804883352,48.585132805600374,CLIMS24p25_48p75,24.25,48.75
AHN-00538,24.350571890204424,48.68363439241598,CLIMS24p25_48p75,24.25,48.75
AHN-00539,24.352045089291995,48.7821440261907,CLIMS24p25_48p75,24.25,48.75
AHN-00540,24.353454381869938,48.88066136570724,CLIMS24p25_48p75,24.25,48.75
AHN-00541,24.35479974854657,48.97918606958843,CLIMS24p25_48p75,24.25,48.75
AHN-00542,24.356081170796976,49.077717796321906,CLIMS24p25_49p25,24.25,49.25
AHN-00543,24.357298630982143,49.176256204226746,CLIMS24p25_49p25,24.25,49.25
AHN-00544,24.358452112338128,49.274800951509235,CLIMS24p25_49p25,24.25,49.25
AHN-00545,24.359541598985782,49.37335169623979,CLIMS24p25_49p25,24.25,49.25
AHN-00546,24.360567075910698,49.4719080963546,CLIMS24p25_49p25,24.25,49.25
AHN-00547,24.428665351956855,47.992175880031404,CLIMS24p25_47p75,24.25,47.75
AHN-00548,24.43059330402064,48.090691728522394,CLIMS24p25_48p25,24.25,48.25
AHN-00549,24.43245724365243,48.189217699146745,CLIMS24p25_48p25,24.25,48.25
AHN-00550,24.434257145203045,48.28775345069904,CLIMS24p25_48p25,24.25,48.25
AHN-00551,24.435992983905354,48.38629864182444,CLIMS24p25_48p25,24.25,48.25
AHN-00552,24.437664735874975,48.48485293092328,CLIMS24p25_48p25,24.25,48.25
AHN-00553,24.43927237809973,48.58341597623885,CLIMS24p25_48p75,24.25,48.75
AHN-00554,24.440815888443932,48.68198743582645,CLIMS24p25_48p75,24.25,48.75
AHN-00555,24.44229524564959,48.780566967576455,CLIMS24p25_48p75,24.25,48.75
AHN-00556,24.4437104293384,48.879154229200104,CLIMS24p25_48p75,24.25,48.75
AHN-00557,24.44506142002625,48.977748878271214,CLIMS24p25_48p75,24.25,48.75
AHN-00558,24.44634819908803,49.07635057217605,CLIMS24p25_49p25,24.25,49.25
AHN-00559,24.44757074880053,49.17495896820905,CLIMS24p25_49p25,24.25,49.25
AHN-00560,24.448729052315326,49.273573723484155,CLIMS24p25_49p25,24.25,49.25
AHN-00561,24.449823093667533,49.37219449500197,CLIMS24p25_49p25,24.25,49.25
AHN-00562,24.45085285777005,49.47082093962877,CLIMS24p25_49p25,24.25,49.25
AHN-00563,24.512664160898307,47.69433661615416,CLIMS24p75_47p75,24.75,47.75
AHN-00564,24.514792821590408,47.79288999180604,CLIMS24p75_47p75,24.75,47.75
AHN-00565,24.516857285885298,47.89145454682765,CLIMS24p75_47p75,24.75,47.75
AHN-00566,24.518857525374887,47.99002993961327,CLIMS24p75_47p75,24.75,47.75
AHN-00567,24.52079351252055,48.08861582835427,CLIMS24p75_48p25,24.75,48.25
AHN-00568,24.522665220683734,48.18721187098989,CLIMS24p75_48p25,24.75,48.25
AHN-00569,24.52447262408868,48.285817725270995,CLIMS24p75_48p25,24.75,48.25
AHN-00570,24.52621569783276,48.38443304875763,CLIMS24p75_48p25,24.75,48.25
AHN-00571,24.52789441791258,48.48305749880712,CLIMS24p75_48p25,24.75,48.25
AHN-00572,24.529508761196237,48.58169073256543,CLIMS24p75_48p75,24.75,48.75
AHN-00573,24.5310587054366,48.68033240704619,CLIMS24p75_48p75,24.75,48.75
AHN-00574,24.532544229271107,48.77898217905411,CLIMS24p75_48p75,24.75,48.75
AHN-00575,24.533965312225785,48.87763970522114,CLIMS24p75_48p75,24.75,48.75
AHN-00576,24.53532193469831,48.976304642063894,CLIMS24p75_48p75,24.75,48.75
AHN-00577,24.536614077987018,49.07497664589897,CLIMS24p75_49p25,24.75,49.25
AHN-00578,24.53784172427247,49.17365537292667,CLIMS24p75_49p25,24.75,49.25
AHN-00579,24.539004856621442,49.27234047918725,CLIMS24p75_49p25,24.75,49.25
AHN-00580,24.540103458974535,49.37103162061891,CLIMS24p75_49p25,24.75,49.25
AHN-00581,24.541137516180324,49.4697284530079,CLIMS24p75_49p25,24.75,49.25
AHN-00582,24.542107013987142,49.568430632036325,CLIMS24p75_49p75,24.75,49.75
AHN-00583,24.54301193899495,49.66713781327992,CLIMS24p75_49p75,24.75,49.75
AHN-00584,24.602829340451017,47.69196923550365,CLIMS24p75_47p75,24.75,47.75
AHN-00585,24.604966847307537,47.79059289107137,CLIMS24p75_47p75,24.75,47.75
AHN-00586,24.607039891261497,47.88922776119475,CLIMS24p75_47p75,24.75,47.75
AHN-00587,24.609048443755217,47.98787350322552,CLIMS24p75_47p75,24.75,47.75
AHN-00588,24.610992477142513,48.08652977423105,CLIMS24p75_48p25,24.75,48.25
AHN-00589,24.612871964607248,48.185196231144104,CLIMS24p75_48p25,24.75,48.25
AHN-00590,24.614686880263786,48.283872530596895,CLIMS24p75_48p25,24.75,48.25
AHN-00591,24.616437199087052,48.38255832910803,CLIMS24p75_48p25,24.75,48.25
AHN-00592,24.618122896942953,48.48125328292066,CLIMS24p75_48p25,24.75,48.25
AHN-00593,24.61974395059067,48.579957048149126,CLIMS24p75_48p75,24.75,48.75
AHN-00594,24.621300337661534,48.678669280711304,CLIMS24p75_48p75,24.75,48.75
AHN-00595,24.622792036694374,48.7773896363187,CLIMS24p75_48p75,24.75,48.75
AHN-00596,24.624219027100363,48.87611777055684,CLIMS24p75_48p75,24.75,48.75
AHN-00597,24.62558128918842,48.974853338837136,CLIMS24p75_48p75,24.75,48.75
AHN-00598,24.626878804155183,49.07359599639948,CLIMS24p75_49p25,24.75,49.25
AHN-00599,24.628111554087543,49.17234539836999,CLIMS24p75_49p25,24.75,49.25
AHN-00600,24.62927952196717,49.27110119970651,CLIMS24p75_49p25,24.75,49.25
AHN-00601,24.6303826916773,49.369863055253134,CLIMS24p75_49p25,24.75,49.25
AHN-00602,24.631421047977003,49.46863061972598,CLIMS24p75_49p25,24.75,49.25
AHN-00603,24.632394576510205,49.567403547706995,CLIMS24p75_49p75,24.75,49.75
AHN-00604,24.633303263841054,49.66618149370194,CLIMS24p75_49p75,24.75,49.75
AHN-00605,24.63414709742137,49.764964112082446,CLIMS24p75_49p75,24.75,49.75
AHN-00606,24.69299322524391,47.68959029780206,CLIMS24p75_47p75,24.75,47.75
AHN-00607,24.695139590564153,47.78828457572581,CLIMS24p75_47p75,24.75,47.75
AHN-00608,24.69722122611875,47.886990103636855,CLIMS24p75_47p75,24.75,47.75
AHN-00609,24.69923810321299,47.98570653778109,CLIMS24p75_47p75,24.75,47.75
AHN-00610,24.701190194016775,48.084433534195554,CLIMS24p75_48p25,24.75,48.25
AHN-00611,24.70307747162273,48.18317074868673,CLIMS24p75_48p25,24.75,48.25
AHN-00612,24.70489990999493,48.28191783684616,CLIMS24p75_48p25,24.75,48.25
AHN-00613,24.706657483991226,48.380674454090425,CLIMS24p75_48p25,24.75,48.25
AHN-00614,24.708350169351764,48.47944025559375,CLIMS24p75_48p25,24.75,48.25
AHN-00615,24.709977942710562,48.57821489637995,CLIMS24p75_48p75,24.75,48.75
AHN-00616,24.711540781604004,48.67699803127741,CLIMS24p75_48p75,24.75,48.75
AHN-00617,24.713038664438837,48.775789314933924,CLIMS24p75_48p75,24.75,48.75
AHN-00618,24.714471570538493,48.87458840182168,CLIMS24p75_48p75,24.75,48.75
AHN-00619,24.71583948010573,48.97339494628479,CLIMS24p75_48p75,24.75,48.75
AHN-00620,24.717142374250137,49.07220860247588,CLIMS24p75_49p25,24.75,49.25
AHN-00621,24.718380234967196,49.17102902441495,CLIMS24p75_49p25,24.75,49.25
AHN-00622,24.719553045137985,49.26985586598893,CLIMS24p75_49p25,24.75,49.25
AHN-00623,24.720660788565283,49.3686887809438,CLIMS24p75_49p25,24.75,49.25
AHN-00624,24.721703449937824,49.46752742290292,CLIMS24p75_49p25,24.75,49.25
AHN-00625,24.722681014845424,49.566371445356395,CLIMS24p75_49p75,24.75,49.75
AHN-00626,24.723593469763333,49.665220501722175,CLIMS24p75_49p75,24.75,49.75
AHN-00627,24.724440802074685,49.76407424526411,CLIMS24p75_49p75,24.75,49.75
AHN-00628,24.783155811182038,47.68719976654916,CLIMS24p75_47p75,24.75,47.75
AHN-00629,24.7853110473501,47.785965010356136,CLIMS24p75_47p75,24.75,47.75
AHN-00630,24.787401286512353,47.884741539785956,CLIMS24p75_47p75,24.75,47.75
AHN-00631,24.789426499812212,47.98352901003558,CLIMS24p75_47p75,24.75,47.75
AHN-00632,24.791386659313673,48.08232707603484,CLIMS24p75_48p25,24.75,48.25
AHN-00633,24.793281737959127,48.18113539251744,CLIMS24p75_48p25,24.75,48.25
AHN-00634,24.795111709575234,48.279953613985725,CLIMS24p75_48p25,24.75,48.25
AHN-00635,24.796876548888125,48.37878139476501,CLIMS24p75_48p25,24.75,48.25
AHN-00636,24.79857623153124,48.477618388947356,CLIMS24p75_48p25,24.75,48.25
AHN-00637,24.800210734012555,48.57646425047029,CLIMS24p75_48p75,24.75,48.75
AHN-00638,24.801780033744635,48.67531863304993,CLIMS24p75_48p75,24.75,48.75
AHN-00639,24.80328410904805,48.77418119026358,CLIMS24p75_48p75,24.75,48.75
AHN-00640,24.80472293913235,48.87305157549872,CLIMS24p75_48p75,24.75,48.75
AHN-00641,24.80609650409803,48.97192944197203,CLIMS24p75_48p75,24.75,48.75
AHN-00642,24.807404784949213,49.070814442770725,CLIMS24p75_49p25,24.75,49.25
AHN-00643,24.808647763596415,49.169706230803854,CLIMS24p75_49p25,24.75,49.25
AHN-00644,24.809825422855422,49.26860445886481,CLIMS24p75_49p25,24.75,49.25
AHN-00645,24.810937746428046,49.36750877960959,CLIMS24p75_49p25,24.75,49.25
AHN-00646,24.81198471891944,49.466418845549605,CLIMS24p75_49p25,24.75,49.25
AHN-00647,24.812966325843487,49.565334309091,CLIMS24p75_49p75,24.75,49.75
AHN-00648,24.813882553625938,49.66425482253156,CLIMS24p75_49p75,24.75,49.75
AHN-00649,24.814733389585154,49.763180038057875,CLIMS24p75_49p75,24.75,49.75
AHN-00650,24.815518821934372,49.86210960775205,CLIMS24p75_49p75,24.75,49.75
AHN-00651,24.873317094150195,47.68479760501479,CLIMS24p75_47p75,24.75,47.75
AHN-00652,24.875481213609632,47.7836341592936,CLIMS24p75_47p75,24.75,47.75
AHN-00653,24.877580068436824,47.882482035085665,CLIMS24p75_47p75,24.75,47.75
AHN-00654,24.879613629660952,47.98134088648996,CLIMS24p75_47p75,24.75,47.75
AHN-00655,24.881581869185087,48.08021036735226,CLIMS24p75_48p25,24.75,48.25
AHN-00656,24.8834847598172,48.17909013131153,CLIMS24p75_48p25,24.75,48.25
AHN-00657,24.885322275257106,48.277979831787476,CLIMS24p75_48p25,24.75,48.25
AHN-00658,24.887094390111955,48.37687912198958,CLIMS24p75_48p25,24.75,48.25
AHN-00659,24.888801079868763,48.47578765493401,CLIMS24p75_48p25,24.75,48.25
AHN-00660,24.890442320929907,48.574705083444165,CLIMS24p75_48p75,24.75,48.75
AHN-00661,24.8920180906053,48.67363106016773,CLIMS24p75_48p75,24.75,48.75
AHN-00662,24.893528367089043,48.7725652375462,CLIMS24p75_48p75,24.75,48.75
AHN-00663,24.89497312947774,48.871507267898394,CLIMS24p75_48p75,24.75,48.75
AHN-00664,24.89635235779096,48.9704568033138,CLIMS24p75_48p75,24.75,48.75
AHN-00665,24.897666032938663,49.06941349578721,CLIMS24p75_49p25,24.75,49.25
AHN-00666,24.898914136733925,49.16837699714361,CLIMS24p75_49p25,24.75,49.25
AHN-00667,24.90009665189419,49.26734695904447,CLIMS24p75_49p25,24.75,49.25
AHN-00668,24.901213562047136,49.36632303304757,CLIMS24p75_49p25,24.75,49.25
AHN-00669,24.90226485172989,49.465304870566385,CLIMS24p75_49p25,24.75,49.25
AHN-00670,24.903250506377596,49.56429212290323,CLIMS24p75_49p75,24.75,49.75
AHN-00671,24.904170512344162,49.66328444124645,CLIMS24p75_49p75,24.75,49.75
AHN-00672,24.905024856876324,49.76228147665783,CLIMS24p75_49p75,24.75,49.75
AHN-00673,24.905813528151224,49.861282880137765,CLIMS24p75_49p75,24.75,49.75
AHN-00674,24.961238552227314,47.583487270213546,CLIMS24p75_47p75,24.75,47.75
AHN-00675,24.96347707005744,47.682383776227574,CLIMS24p75_47p75,24.75,47.75
AHN-00676,24.965650085306304,47.78129198665703,CLIMS24p75_47p75,24.75,47.75
AHN-00677,24.967757567955548,47.88021155473678,CLIMS24p75_47p75,24.75,47.75
AHN-00678,24.96979948887143,47.97914213343972,CLIMS24p75_47p75,24.75,47.75
AHN-00679,24.971775819818586,48.07808337553296,CLIMS24p75_48p25,24.75,48.25
AHN-00680,24.973686533457926,48.17703493355588,CLIMS24p75_48p25,24.75,48.25
AHN-00681,24.975531603369703,48.27599645981145,CLIMS24p75_48p25,24.75,48.25
AHN-00682,24.977311004011785,48.374967606428555,CLIMS24p75_48p25,24.75,48.25
AHN-00683,24.979024710777892,48.47394802531429,CLIMS24p75_48p25,24.75,48.25
AHN-00684,24.980672699943366,48.57293736819002,CLIMS24p75_48p75,24.75,48.75
AHN-00685,24.9822549486838,48.67193528658095,CLIMS24p75_48p75,24.75,48.75
AHN-00686,24.983771435097427,48.770941431847994,CLIMS24p75_48p75,24.75,48.75
AHN-00687,24.985222138186963,48.86995545516871,CLIMS24p75_48p75,24.75,48.75
AHN-00688,24.986607037853762,48.96897700757557,CLIMS24p75_48p75,24.75,48.75
AHN-00689,24.987926114910877,49.068005739909154,CLIMS24p75_49p25,24.75,49.25
AHN-00690,24.98917935109234,49.167041302895484,CLIMS24p75_49p25,24.75,49.25
AHN-00691,24.990366729023712,49.26608334709761,CLIMS24p75_49p25,24.75,49.25
AHN-00692,24.991488232250372,49.36513152294557,CLIMS24p75_49p25,24.75,49.25
AHN-00693,24.992543845231758,49.4641854807493,CLIMS24p75_49p25,24.75,49.25
AHN-00694,24.993533553324195,49.56324487069779,CLIMS24p75_49p75,24.75,49.75
AHN-00695,24.994457342815267,49.66230934284968,CLIMS24p75_49p75,24.75,49.75
AHN-00696,24.995315200893774,49.761378547186766,CLIMS24p75_49p75,24.75,49.75
AHN-00697,24.99610711566053,49.86045213354659,CLIMS24p75_49p75,24.75,49.75
AHN-00698,25.051388040377944,47.58098977147663,CLIMS25p25_47p75,25.25,47.75
AHN-00699,25.053635734804935,47.67995824296669,CLIMS25p25_47p75,25.25,47.75
AHN-00700,25.055817658447655,47.77893845633264,CLIMS25p25_47p75,25.25,47.75
AHN-00701,25.05793378112401,47.87793006370484,CLIMS25p25_47p75,25.25,47.75
AHN-00702,25.059984073559697,47.976932716955595,CLIMS25p25_47p75,25.25,47.75
AHN-00703,25.061968507378246,48.07594606774844,CLIMS25p25_48p25,25.25,48.25
AHN-00704,25.063887055107507,48.17496976750566,CLIMS25p25_48p25,25.25,48.25
AHN-00705,25.065739690182802,48.27400346744625,CLIMS25p25_48p25,25.25,48.25
AHN-00706,25.067526386960637,48.37304681856742,CLIMS25p25_48p25,25.25,48.25
AHN-00707,25.069247120669147,48.47209947167176,CLIMS25p25_48p25,25.25,48.25
AHN-00708,25.07090186748933,48.57116107736515,CLIMS25p25_48p75,25.25,48.75
AHN-00709,25.072490604491907,48.67023128608965,CLIMS25p25_48p75,25.25,48.75
AHN-00710,25.074013309653985,48.76930974805534,CLIMS25p25_48p75,25.25,48.75
AHN-00711,25.075469961862613,48.86839611334443,CLIMS25p25_48p75,25.25,48.75
AHN-00712,25.07686054093652,48.96749003186151,CLIMS25p25_48p75,25.25,48.75
AHN-00713,25.07818502758208,49.06659115335896,CLIMS25p25_49p25,25.25,49.25
AHN-00714,25.079443403429053,49.165699127405325,CLIMS25p25_49p25,25.25,49.25
AHN-00715,25.080635651036594,49.2648136034678,CLIMS25p25_49p25,25.25,49.25
AHN-00716,25.081761753854593,49.3639342308673,CLIMS25p25_49p25,25.25,49.25
AHN-00717,25.082821696262815,49.46306065877631,CLIMS25p25_49p25,25.25,49.25
AHN-00718,25.0838154635662,49.56219253625573,CLIMS25p25_49p75,25.25,49.75
AHN-00719,25.08474304195694,49.661329512265596,CLIMS25p25_49p75,25.25,49.75
AHN-00720,25.085604418565605,49.76047123564446,CLIMS25p25_49p75,25.25,49.75
AHN-00721,25.086399581445246,49.859617355127995,CLIMS25p25_49p75,25.25,49.75
AHN-00722,25.14153620025276,47.57848018317708,CLIMS25p25_47p75,25.25,47.75
AHN-00723,25.14379308430745,47.67752096777642,CLIMS25p25_47p75,25.25,47.75
AHN-00724,25.145983928994575,47.77657353195306,CLIMS25p25_47p75,25.25,47.75
AHN-00725,25.14810870397828,47.87563752674351,CLIMS25p25_47p75,25.25,47.75
AHN-00726,25.150167379832574,47.97471260289071,CLIMS25p25_47p75,25.25,47.75
AHN-00727,25.152159928046146,48.07379841095419,CLIMS25p25_48p25,25.25,48.25
AHN-00728,25.15408632100919,48.17289460123924,CLIMS25p25_48p25,25.25,48.25
AHN-00729,25.15594653201846,48.2720008238503,CLIMS25p25_48p25,25.25,48.25
AHN-00730,25.1577405352938,48.371116728675005,CLIMS25p25_48p25,25.25,48.25
AHN-00731,25.159468305968915,48.47024196539744,CLIMS25p25_48p25,25.25,48.25
AHN-00732,25.161129820076308,48.56937618350294,CLIMS25p25_48p75,25.25,48.75
AHN-00733,25.16272505456979,48.66851903230129,CLIMS25p25_48p75,25.25,48.75
AHN-00734,25.164253987331097,48.76767016090031,CLIMS25p25_48p75,25.25,48.75
AHN-00735,25.16571659714063,48.86682921826854,CLIMS25p25_48p75,25.25,48.75
AHN-00736,25.16711286369772,48.96599585315557,CLIMS25p25_48p75,25.25,48.75
AHN-00737,25.168442767633938,49.06516971420466,CLIMS25p25_49p25,25.25,49.25
AHN-00738,25.16970629048573,49.1643504498771,CLIMS25p25_49p25,25.25,49.25
AHN-00739,25.170903414705055,49.263537708495946,CLIMS25p25_49p25,25.25,49.25
AHN-00740,25.172034123674692,49.36273113824628,CLIMS25p25_49p25,25.25,49.25
AHN-00741,25.173098401699647,49.46193038719587,CLIMS25p25_49p25,25.25,49.25
AHN-00742,25.174096233991637,49.561135103267425,CLIMS25p25_49p75,25.25,49.75
AHN-00743,25.175027606683184,49.66034493429108,CLIMS25p25_49p75,25.25,49.75
AHN-00744,25.175892506854055,49.759559527979334,CLIMS25p25_49p75,25.25,49.75
AHN-00745,25.23394911448723,47.67507191294803,CLIMS25p25_47p75,25.25,47.75
AHN-00746,25.23614889293998,47.77419717693743,CLIMS25p25_47p75,25.25,47.75
AHN-00747,25.238282332585687,47.87333390836796,CLIMS25p25_47p75,25.25,47.75
AHN-00748,25.240349403831804,47.97248175686326,CLIMS25p25_47p75,25.25,47.75
AHN-00749,25.24235007801919,48.07164037189218,CLIMS25p25_48p25,25.25,48.25
AHN-00750,25.244284327412622,48.17080940260615,CLIMS25p25_48p25,25.25,48.25
AHN-00751,25.246152125182668,48.269988498003464,CLIMS25p25_48p25,25.25,48.25
AHN-00752,25.247953445405155,48.36917730684751,CLIMS25p25_48p25,25.25,48.25
AHN-00753,25.249688263089805,48.468375477696746,CLIMS25p25_48p25,25.25,48.25
AHN-00754,25.2513565541556,48.56758265891252,CLIMS25p25_48p75,25.25,48.75
AHN-00755,25.252958295443943,48.666798498673316,CLIMS25p25_48p75,25.25,48.75
AHN-00756,25.25449346470614,48.76602264496724,CLIMS25p25_48p75,25.25,48.75
AHN-00757,25.25596204063909,48.865254745614926,CLIMS25p25_48p75,25.25,48.75
AHN-00758,25.25736400282995,48.96449444826778,CLIMS25p25_48p75,25.25,48.75
AHN-00759,25.25869933181259,49.063741400399635,CLIMS25p25_49p25,25.25,49.25
AHN-00760,25.25996800902665,49.16299524937082,CLIMS25p25_49p25,25.25,49.25
AHN-00761,25.261170016851732,49.262255642359314,CLIMS25p25_49p25,25.25,49.25
AHN-00762,25.26230533857375,49.36152222640729,CLIMS25p25_49p25,25.25,49.25
AHN-00763,25.263373958406884,49.46079464846702,CLIMS25p25_49p25,25.25,49.25
AHN-00764,25.26437586150648,49.560072555313624,CLIMS25p25_49p75,25.25,49.75
AHN-00765,25.265311033946496,49.65935559363445,CLIMS25p25_49p75,25.25,49.75
AHN-00766,25.26617946271713,49.75864341002423,CLIMS25p25_49p75,25.25,49.75
AHN-00767,25.326312546288715,47.771809354440556,CLIMS25p25_47p75,25.25,47.75
AHN-00768,25.328454662990254,47.871019172850666,CLIMS25p25_47p75,25.25,47.75
AHN-00769,25.330530141662262,47.97024014429782,CLIMS25p25_47p75,25.25,47.75
AHN-00770,25.332538953491483,48.06947191707813,CLIMS25p25_48p25,25.25,48.25
AHN-00771,25.334481070592552,48.168714139244834,CLIMS25p25_48p25,25.25,48.25
AHN-00772,25.336356466003384,48.26796645867786,CLIMS25p25_48p25,25.25,48.25
AHN-00773,25.338165113672552,48.367228522973114,CLIMS25p25_48p25,25.25,48.25
AHN-00774,25.3399069884808,48.466499979586935,CLIMS25p25_48p25,25.25,48.25
AHN-00775,25.341582066234444,48.56578047574328,CLIMS25p25_48p75,25.25,48.75
AHN-00776,25.343190323654078,48.66506965847492,CLIMS25p25_48p75,25.25,48.75
AHN-00777,25.344731738390077,48.76436717464523,CLIMS25p25_48p75,25.25,48.75
AHN-00778,25.34620628901034,48.86367267093348,CLIMS25p25_48p75,25.25,48.75
AHN-00779,25.347613955016897,48.962985793846386,CLIMS25p25_48p75,25.25,48.75
AHN-00780,25.348954716837365,49.06230618974756,CLIMS25p25_49p25,25.25,49.25
AHN-00781,25.350228555827535,49.16163350481991,CLIMS25p25_49p25,25.25,49.25
AHN-00782,25.35143545426503,49.260967385118875,CLIMS25p25_49p25,25.25,49.25
AHN-00783,25.352575395362663,49.36030747655496,CLIMS25p25_49p25,25.25,49.25
AHN-00784,25.353648363269933,49.45965342492152,CLIMS25p25_49p25,25.25,49.25
AHN-00785,25.354654343045777,49.559004875854356,CLIMS25p25_49p75,25.25,49.75
AHN-00786,25.355593320689987,49.65836147490975,CLIMS25p25_49p75,25.25,49.75
AHN-00787,25.356465283138697,49.7577228675155,CLIMS25p25_49p75,25.25,49.75
AHN-00788,25.414257200566333,47.67013831233928,CLIMS25p25_47p75,25.25,47.75
AHN-00789,25.41647488502539,47.769410027385504,CLIMS25p25_47p75,25.25,47.75
AHN-00790,25.418625691290465,47.86869328425866,CLIMS25p25_47p75,25.25,47.75
AHN-00791,25.42070958948652,47.96798773034678,CLIMS25p25_47p75,25.25,47.75
AHN-00792,25.422726550666674,48.06729301282163,CLIMS25p25_48p25,25.25,48.25
AHN-00793,25.424676546804477,48.16660877860805,CLIMS25p25_48p25,25.25,48.25
AHN-00794,25.426559550787978,48.26593467441661,CLIMS25p25_48p25,25.25,48.25
AHN-00795,25.428375536466763,48.365270346754464,CLIMS25p25_48p25,25.25,48.25
AHN-00796,25.430124478583704,48.46461544190327,CLIMS25p25_48p25,25.25,48.25
AHN-00797,25.431806352807676,48.56396960595348,CLIMS25p25_48p75,25.25,48.75
AHN-00798,25.43342113575774,48.66333248480336,CLIMS25p25_48p75,25.25,48.75
AHN-00799,25.434968804966086,48.76270372417197,CLIMS25p25_48p75,25.25,48.75
AHN-00800,25.43644933889154,48.86208296958446,CLIMS25p25_48p75,25.25,48.75
AHN-00801,25.43786271694964,48.961469866427564,CLIMS25p25_48p75,25.25,48.75
AHN-00802,25.439208919450905,49.06086405987939,CLIMS25p25_49p25,25.25,49.25
AHN-00803,25.440487927668652,49.16026519500961,CLIMS25p25_49p25,25.25,49.25
AHN-00804,25.44169972378413,49.259672916715616,CLIMS25p25_49p25,25.25,49.25
AHN-00805,25.44284429094259,49.35908686975633,CLIMS25p25_49p25,25.25,49.25
AHN-00806,25.44392161318071,49.45850669877904,CLIMS25p25_49p25,25.25,49.25
AHN-00807,25.44493167551111,49.557932048262536,CLIMS25p25_49p75,25.25,49.75
AHN-00808,25.445874463863884,49.657362562608945,CLIMS25p25_49p75,25.25,49.75
AHN-00809,25.446749965092337,49.756797886112,CLIMS25p25_49p75,25.25,49.75
AHN-00810,25.50440924832605,47.66765368992205,CLIMS25p75_47p75,25.75,47.75
AHN-00811,25.506635905172526,47.76699915845842,CLIMS25p75_47p75,25.75,47.75
AHN-00812,25.508795413551734,47.86635620639708,CLIMS25p75_47p75,25.75,47.75
AHN-00813,25.510887743444442,47.9657244799676,CLIMS25p75_47p75,25.75,47.75
AHN-00814,25.512912865752842,48.06510362520472,CLIMS25p75_48p25,25.75,48.25
AHN-00815,25.514870752316504,48.164493287894665,CLIMS25p75_48p25,25.75,48.25
AHN-00816,25.5167613759049,48.263893113593845,CLIMS25p75_48p25,25.75,48.25
AHN-00817,25.518584710206127,48.363302747687484,CLIMS25p75_48p25,25.75,48.25
AHN-00818,25.52034072984594,48.46272183527374,CLIMS25p75_48p25,25.75,48.25
AHN-00819,25.52202941038307,48.5621500213251,CLIMS25p75_48p75,25.75,48.75
AHN-00820,25.523650728309743,48.661586950586695,CLIMS25p75_48p75,25.75,48.75
AHN-00821,25.52520466104537,48.761032267611036,CLIMS25p75_48p75,25.75,48.75
AHN-00822,25.52669118695714,48.86048561679444,CLIMS25p75_48p75,25.75,48.75
AHN-00823,25.52811028533253,48.959946642342786,CLIMS25p75_48p75,25.75,48.75
AHN-00824,25.529461936407532,49.05941498831438,CLIMS25p75_49p25,25.75,49.25
AHN-00825,25.530746121334534,49.15889029860161,CLIMS25p75_49p25,25.75,49.25
AHN-00826,25.531962822237023,49.25837221694328,CLIMS25p75_49p25,25.75,49.25
AHN-00827,25.533112022142284,49.35786038697192,CLIMS25p75_49p25,25.75,49.25
AHN-00828,25.53419370504294,49.45735445212592,CLIMS25p75_49p25,25.75,49.25
AHN-00829,25.535207855847197,49.55685405577893,CLIMS25p75_49p75,25.75,49.75
AHN-00830,25.536154460425454,49.65635884115381,CLIMS25p75_49p75,25.75,49.75
AHN-00831,25.5370335055778,49.7558684513657,CLIMS25p75_49p75,25.75,49.75
AHN-00832,25.54041494380039,50.253476377479465,CLIMS25p75_50p25,25.75,50.25
AHN-00833,25.594559960480527,47.66515713456482,CLIMS25p75_47p75,25.75,47.75
AHN-00834,25.596795602735966,47.76457671010418,CLIMS25p75_47p75,25.75,47.75
AHN-00835,25.598963825852284,47.86400790284536,CLIMS25p75_47p75,25.75,47.75
AHN-00836,25.601064599671428,47.96345035787697,CLIMS25p75_47p75,25.75,47.75
AHN-00837,25.603097894969856,48.062903720095875,CLIMS25p75_48p25,25.75,48.25
AHN-00838,25.60506368342776,48.16236763411645,CLIMS25p75_48p25,25.75,48.25
AHN-00839,25.606961937677582,48.26184174436894,CLIMS25p75_48p25,25.75,48.25
AHN-00840,25.60879263127896,48.3613256950523,CLIMS25p75_48p25,25.75,48.25
AHN-00841,25.610555738724923,48.460819130150796,CLIMS25p75_48p25,25.75,48.25
AHN-00842,25.612251235472506,48.56032169345749,CLIMS25p75_48p75,25.75,48.75
AHN-00843,25.61387909787907,48.659833028558715,CLIMS25p75_48p75,25.75,48.75
AHN-00844,25.61543930325521,48.759352778860936,CLIMS25p75_48p75,25.75,48.75
AHN-00845,25.616931829859578,48.85888058759596,CLIMS25p75_48p75,25.75,48.75
AHN-00846,25.618356656879453,48.95841609781774,CLIMS25p75_48p75,25.75,48.75
AHN-00847,25.61971376444515,49.05795895240047,CLIMS25p75_49p25,25.75,49.25
AHN-00848,25.62100313363223,49.15750879409647,CLIMS25p75_49p25,25.75,49.25
AHN-00849,25.622224746452616,49.25706526548216,CLIMS25p75_49p25,25.75,49.25
AHN-00850,25.623378585865304,49.35662800900946,CLIMS25p75_49p25,25.75,49.25
AHN-00851,25.62446463577026,49.45619666696531,CLIMS25p75_49p25,25.75,49.25
AHN-00852,25.625482881015962,49.5557708815576,CLIMS25p75_49p75,25.75,49.75
AHN-00853,25.626433307384183,49.65535029483388,CLIMS25p75_49p75,25.75,49.75
AHN-00854,25.62731590161447,49.75493454874443,CLIMS25p75_49p75,25.75,49.75
AHN-00855,25.63016772495616,50.15331280641984,CLIMS25p75_50p25,25.75,50.25
AHN-00856,25.630710992621694,50.25291588948145,CLIMS25p75_50p25,25.75,50.25
AHN-00857,25.684709332990476,47.662648607323796,CLIMS25p75_47p75,25.75,47.75
AHN-00858,25.68695397371709,47.76214264451269,CLIMS25p75_47p75,25.75,47.75
AHN-00859,25.689130924278714,47.861648336941684,CLIMS25p75_47p75,25.75,47.75
AHN-00860,25.69124015435273,47.96116532857523,CLIMS25p75_47p75,25.75,47.75
AHN-00861,25.69328163453651,48.06069326311421,CLIMS25p75_48p25,25.75,48.25
AHN-00862,25.6952553363979,48.160231784065196,CLIMS25p75_48p25,25.75,48.25
AHN-00863,25.697161232437736,48.25978053467271,CLIMS25p75_48p25,25.75,48.25
AHN-00864,25.698999296072348,48.359339157963284,CLIMS25p75_48p25,25.75,48.25
AHN-00865,25.700769501692793,48.45890729678867,CLIMS25p75_48p25,25.75,48.25
AHN-00866,25.70247182459394,48.558484593753285,CLIMS25p75_48p75,25.75,48.75
AHN-00867,25.70410624103368,48.65807069129159,CLIMS25p75_48p75,25.75,48.75
AHN-00868,25.705672728220645,48.75766523165242,CLIMS25p75_48p75,25.75,48.75
AHN-00869,25.70717126428675,48.85726785688077,CLIMS25p75_48p75,25.75,48.75
AHN-00870,25.7086018283153,48.95687820888263,CLIMS25p75_48p75,25.75,48.75
AHN-00871,25.709964400354306,49.056495929350675,CLIMS25p75_49p25,25.75,49.25
AHN-00872,25.711258961367818,49.156120659881154,CLIMS25p75_49p25,25.75,49.25
AHN-00873,25.712485493287193,49.25575204185721,CLIMS25p75_49p25,25.75,49.25
AHN-00874,25.714734402276957,49.455033325160436,CLIMS25p75_49p25,25.75,49.25
AHN-00875,25.715756747941537,49.55468250862417,CLIMS25p75_49p75,25.75,49.75
AHN-00876,25.71671100169336,49.65433690784478,CLIMS25p75_49p75,25.75,49.75
AHN-00877,25.717597150199012,49.753996163621224,CLIMS25p75_49p75,25.75,49.75
AHN-00878,25.71841518107919,49.85365991660469,CLIMS25p75_49p75,25.75,49.75
AHN-00879,25.719165082897398,49.95332780739709,CLIMS25p75_49p75,25.75,49.75
AHN-00880,25.719846845173137,50.05299947647068,CLIMS25p75_50p25,25.75,50.25
AHN-00881,25.720460458385034,50.15267456423468,CLIMS25p75_50p25,25.75,50.25
AHN-00882,25.72100591396125,50.25235271102554,CLIMS25p75_50p25,25.75,50.25
AHN-00883,25.77485736178591,47.66012806900006,CLIMS25p75_47p75,25.75,47.75
AHN-00884,25.77711101416585,47.759696923621696,CLIMS25p75_47p75,25.75,47.75
AHN-00885,25.779296704933,47.859277471792055,CLIMS25p75_47p75,25.75,47.75
AHN-00886,25.78141440361111,47.9588693563048,CLIMS25p75_47p75,25.75,47.75
AHN-00887,25.78346408068215,48.058472219693996,CLIMS25p75_48p25,25.75,48.25
AHN-00888,25.785445707553247,48.15808570431592,CLIMS25p75_48p25,25.75,48.25
AHN-00889,25.78735925657525,48.25770945223197,CLIMS25p75_48p25,25.75,48.25
AHN-00890,25.78920470105075,48.357343105312296,CLIMS25p75_48p25,25.75,48.25
AHN-00891,25.79098201522542,48.45698630523609,CLIMS25p75_48p25,25.75,48.25
AHN-00892,25.79269117428252,48.556638693436554,CLIMS25p75_48p75,25.75,48.75
AHN-00893,25.794332154369272,48.65629991118195,CLIMS25p75_48p75,25.75,48.75
AHN-00894,25.795904932565467,48.75596959953033,CLIMS25p75_48p75,25.75,48.75
AHN-00895,25.797409486901678,48.85564739937292,CLIMS25p75_48p75,25.75,48.75
AHN-00896,25.798845796368735,48.95533295142988,CLIMS25p75_48p75,25.75,48.75
AHN-00897,25.80021384088693,49.05502589623258,CLIMS25p75_49p25,25.75,49.25
AHN-00898,25.80151360135714,49.154725874169934,CLIMS25p75_49p25,25.75,49.25
AHN-00899,25.802745059597775,49.25443252547609,CLIMS25p75_49p25,25.75,49.25
AHN-00900,25.809451479279012,49.95253569068394,CLIMS25p75_49p75,25.75,49.75
AHN-00901,25.810135980176952,50.05228276186174,CLIMS25p75_50p25,25.75,50.25
AHN-00902,25.81075205828823,50.15203326300694,CLIMS25p75_50p25,25.75,50.25
AHN-00903,25.865004042829465,47.657595480121024,CLIMS25p75_47p75,25.75,47.75
AHN-00904,25.86726672009144,47.757239509142195,CLIMS25p75_47p75,25.75,47.75
AHN-00905,25.869461163903104,47.85689527025108,CLIMS25p75_47p75,25.75,47.75
AHN-00906,25.87158734364941,47.95656240508582,CLIMS25p75_47p75,25.75,47.75
AHN-00907,25.873645229644676,48.056240555029255,CLIMS25p75_48p25,25.75,48.25
AHN-00908,25.875634793167723,48.15592936121854,CLIMS25p75_48p25,25.75,48.25
AHN-00909,25.87755600642829,48.255628464579665,CLIMS25p75_48p25,25.75,48.25
AHN-00910,25.879408842604324,48.355337505789926,CLIMS25p75_48p25,25.75,48.25
AHN-00911,25.881193275794658,48.455056125360876,CLIMS25p75_48p25,25.75,48.25
AHN-00912,25.882909281084153,48.55478396353906,CLIMS25p75_48p75,25.75,48.75
AHN-00913,25.884556834473265,48.65452066042186,CLIMS25p75_48p75,25.75,48.75
AHN-00914,25.886135912942272,48.75426585587977,CLIMS25p75_48p75,25.75,48.75
AHN-00915,25.88764649442492,48.85401918962633,CLIMS25p75_48p75,25.75,48.75
AHN-00916,25.889088557783452,48.95378030120103,CLIMS25p75_48p75,25.75,48.75
AHN-00917,25.890462082855226,49.05354882993182,CLIMS25p75_49p25,25.75,49.25
AHN-00918,25.891767050424587,49.15332441506438,CLIMS25p75_49p25,25.75,49.25
AHN-00919,25.893003442246066,49.2531066956065,CLIMS25p75_49p25,25.75,49.25
AHN-00920,25.900423975138768,50.051562617280716,CLIMS25p75_50p25,25.75,50.25
AHN-00921,25.95514937208972,47.655050800975665,CLIMS25p75_47p75,25.75,47.75
AHN-00922,25.957421087535135,47.7547703625106,CLIMS25p75_47p75,25.75,47.75
AHN-00923,25.959624297308988,47.85450169493821,CLIMS25p75_47p75,25.75,47.75
AHN-00924,25.961758970624718,47.95424443872437,CLIMS25p75_47p75,25.75,47.75
AHN-00925,25.96382507767406,48.05399823406012,CLIMS25p75_48p25,25.75,48.25
AHN-00926,25.965822589560823,48.15376272090987,CLIMS25p75_48p25,25.75,48.25
AHN-00927,25.967751478385914,48.25353753901863,CLIMS25p75_48p25,25.75,48.25
AHN-00928,25.969611717167044,48.353322327888996,CLIMS25p75_48p25,25.75,48.25
AHN-00929,25.9714032799026,48.45311672682653,CLIMS25p75_48p25,25.75,48.25
AHN-00930,25.973126141526283,48.55292037490961,CLIMS25p75_48p75,25.75,48.75
AHN-00931,25.974780277945207,48.65273291103589,CLIMS25p75_48p75,25.75,48.75
AHN-00932,25.976365666014434,48.75255397391201,CLIMS25p75_48p75,25.75,48.75
AHN-00933,25.97788228353978,48.85238320203476,CLIMS25p75_48p75,25.75,48.75
AHN-00934,25.979330109301685,48.952220233755284,CLIMS25p75_48p75,25.75,48.75
AHN-00935,25.98070912303294,49.0520647072365,CLIMS25p75_49p25,25.75,49.25
AHN-00936,25.982019305423368,49.15191626049458,CLIMS25p75_49p25,25.75,49.25
AHN-00937,26.04294383205441,47.55271070866901,CLIMS26p25_47p75,26.25,47.75
AHN-00938,26.0452933455083,47.652493991578496,CLIMS26p25_47p75,26.25,47.75
AHN-00939,26.04757411253446,47.75228944492359,CLIMS26p25_47p75,26.25,47.75
AHN-00940,26.04978610125538,47.8520967082372,CLIMS26p25_47p75,26.25,47.75
AHN-00941,26.051929280736815,47.9519154207553,CLIMS26p25_47p75,26.25,47.75
AHN-00942,26.054003621003815,48.05174522152312,CLIMS26p25_48p25,26.25,48.25
AHN-00943,26.056009093051486,48.1515857493075,CLIMS26p25_48p25,26.25,48.25
AHN-00944,26.05794566881134,48.25143664265495,CLIMS26p25_48p25,26.25,48.25
AHN-00945,26.059813321186862,48.351297539875645,CLIMS26p25_48p25,26.25,48.25
AHN-00946,26.06161202403518,48.451168079097556,CLIMS26p25_48p25,26.25,48.25
AHN-00947,26.063341752174544,48.5510478981983,CLIMS26p25_48p75,26.25,48.75
AHN-00948,26.06500248139439,48.6509366348813,CLIMS26p25_48p75,26.25,48.75
AHN-00949,26.066594188417778,48.75083392664689,CLIMS26p25_48p75,26.25,48.75
AHN-00950,26.06811685095809,48.85073941081891,CLIMS26p25_48p75,26.25,48.75
AHN-00951,26.069570447684768,48.95065272451244,CLIMS26p25_48p75,26.25,48.75
AHN-00952,26.133077107713166,47.55006551698785,CLIMS26p25_47p75,26.25,47.75
AHN-00953,26.13543595907896,47.649925011689646,CLIMS26p25_47p75,26.25,47.75
AHN-00954,26.137725791138603,47.74979671733223,CLIMS26p25_47p75,26.25,47.75
AHN-00955,26.13994657185132,47.849680272254616,CLIMS26p25_47p75,26.25,47.75
AHN-00956,26.1420982701494,47.949575314509396,CLIMS26p25_47p75,26.25,47.75
AHN-00957,26.144180855900792,48.049481481923536,CLIMS26p25_48p25,26.25,48.25
AHN-00958,26.146194299950544,48.14939841209601,CLIMS26p25_48p25,26.25,48.25
AHN-00959,26.14813857409642,48.24932574236101,CLIMS26p25_48p25,26.25,48.25
AHN-00960,26.150013651105148,48.349263109836016,CLIMS26p25_48p25,26.25,48.25
AHN-00961,26.151819504714556,48.449210151439495,CLIMS26p25_48p25,26.25,48.25
AHN-00962,26.153556109599297,48.549166503869245,CLIMS26p25_48p75,26.25,48.75
AHN-00963,26.155223441429037,48.64913180360823,CLIMS26p25_48p75,26.25,48.75
AHN-00964,26.156821476837003,48.74910568694893,CLIMS26p25_48p75,26.25,48.75
AHN-00965,26.15980956970166,48.94907774873808,CLIMS26p25_48p75,26.25,48.75
AHN-00966,26.22320900556186,47.54740775289718,CLIMS26p25_47p75,26.25,47.75
AHN-00967,26.225577208766975,47.64734382081557,CLIMS26p25_47p75,26.25,47.75
AHN-00968,26.227876119395166,47.74729214042042,CLIMS26p25_47p75,26.25,47.75
AHN-00969,26.230105705240597,47.84725234887813,CLIMS26p25_47p75,26.25,47.75
AHN-00970,26.232265935074896,47.947224083045406,CLIMS26p25_47p75,26.25,47.75
AHN-00971,26.23435677862362,48.047206979535545,CLIMS26p25_48p25,26.25,48.25
AHN-00972,26.23637820659361,48.14720067474998,CLIMS26p25_48p25,26.25,48.25
AHN-00973,26.238330190637267,48.24720480479428,CLIMS26p25_48p25,26.25,48.25
AHN-00974,26.24021270338548,48.347219005638436,CLIMS26p25_48p25,26.25,48.25
AHN-00975,26.242025718429087,48.447242912926036,CLIMS26p25_48p25,26.25,48.25
AHN-00976,26.243769210359627,48.54727616218697,CLIMS26p25_48p75,26.25,48.75
AHN-00977,26.245443154697128,48.64731838868034,CLIMS26p25_48p75,26.25,48.75
AHN-00978,26.313339521489734,47.544737374453675,CLIMS26p25_47p75,26.25,47.75
AHN-00979,26.31571709055091,47.644750378171224,CLIMS26p25_47p75,26.25,47.75
AHN-00980,26.31802509335394,47.744775674622915,CLIMS26p25_47p75,26.25,47.75
AHN-00981,26.32026349753572,47.844812899745094,CLIMS26p25_47p75,26.25,47.75
AHN-00982,26.322432271705107,47.94486168920087,CLIMS26p25_47p75,26.25,47.75
AHN-00983,26.324531385447095,48.044921678385016,CLIMS26p25_48p25,26.25,48.25
AHN-00984,26.326560809312795,48.1449925024945,CLIMS26p25_48p25,26.25,48.25
AHN-00985,26.328520514817804,48.24507379643241,CLIMS26p25_48p25,26.25,48.25
AHN-00986,26.33041047447169,48.34516519491402,CLIMS26p25_48p25,26.25,48.25
AHN-00987,26.332230661728996,48.445266332423074,CLIMS26p25_48p25,26.25,48.25
AHN-00988,26.333981051035646,48.54537684323296,CLIMS26p25_48p75,26.25,48.75
AHN-00989,26.335661617803986,48.6454963613915,CLIMS26p25_48p75,26.25,48.75
AHN-00990,26.410419944872327,47.84236188623709,CLIMS26p25_47p75,26.25,47.75
AHN-00991,26.41259727624766,47.942488095562695,CLIMS26p25_47p75,26.25,47.75
AHN-00992,26.414704672644046,48.042625542278145,CLIMS26p25_48p25,26.25,48.25
AHN-00993,26.416742104450826,48.142773860355426,CLIMS26p25_48p25,26.25,48.25
AHN-00994,26.418709543069106,48.24293268347681,CLIMS26p25_48p25,26.25,48.25
AHN-00995,26.420606960842147,48.34310164513253,CLIMS26p25_48p25,26.25,48.25
AHN-00996,26.422434331123007,48.443280378589776,CLIMS26p25_48p25,26.25,48.25
AHN-00997,26.424191628212174,48.54346851686932,CLIMS26p25_48p75,26.25,48.75
AHN-00998,26.42587882741128,48.64366569284271,CLIMS26p25_48p75,26.25,48.75
AHN-00999,26.427495905000388,48.743871539119134,CLIMS26p25_48p75,26.25,48.75
AHN-01000,26.506922088357225,48.14054471311227,CLIMS26p75_48p25,26.75,48.25
AHN-01001,26.50889727178285,48.24078143194256,CLIMS26p75_48p25,26.75,48.25
AHN-01002,26.510802158979043,48.34102832351354,CLIMS26p75_48p25,26.75,48.25
AHN-01003,26.512636723151857,48.441285019869234,CLIMS26p75_48p25,26.75,48.25
AHN-01004,26.51440093848442,48.541551152797304,CLIMS26p75_48p75,26.75,48.75
AHN-01005,26.516094780159655,48.64182635393674,CLIMS26p75_48p75,26.75,48.75
AHN-01006,26.6028378343583,48.439280224512686,CLIMS26p75_48p25,26.75,48.25
AHN-01007,26.604608978460245,48.53962472049988,CLIMS26p75_48p75,26.75,48.75
AHN-01008,26.606309472720067,48.639978315398146,CLIMS26p75_48p75,26.75,48.75
